249650	699170,803600,289130,268500,226840,637090,760060,650440,276810,300550,954650,38420
249680	601150,460790,329050,220440,235460,631510,261110,6550,45700,208670,553640,263620
249870	208650,21000,829110,209000,313690,249130,200260,647830,35140,675260,213330,234330
249930	784150,503940,797400,446800,24010,573090,287980,602320,530070,598960,7600,353640
249950	219990,215530,238960,200710,371970,99900,49520,582010,475150,485510,345180,335300
249990	728880,291550,258970,204360,42910,65800,880940,289690,496290,531510,323850,552500
250030	362680,232790,284850,623940,259600,370910,319630,288160,336130,787480,425580,105100
250050	221810,206370,557340,477160,1061090,400,220780,107800,331480,421880,238460,573320
250070	322170,206370,337490,477160,504230,220780,779190,620240,1042330,732840,48000,976010
250110	404540,310790,359450,219190,961420,410820,349710,878420,493060,262830,954240,99300
250180	312610,366250,229480,252350,366260,314150,703620,377870,674520,287860,584400,484930
250260	383870,221910,253230,94590,31270,994680,328500,673060,230050,241320,799640,246900
250320	498240,378660,319970,110800,532210,675260,287630,208650,94300,717610,1003890,756500
250340	552100,4000,332310,252490,645630,393420,387990,346110,251570,585420,271590,648800
250360	919280,665300,218760,228180,690770,347400,966610,969020,500500,892040,451650,870420
250380	1029890,597760,362680,594330,48000,732690,733300,505230,94300,284050,541570,897030
250400	251570,239140,383150,108600,265550,45740,360170,550,383180,221040,329430,304930
250420	304050,200210,8500,354200,761890,386180,105600,280790,211820,372800,593600,212200
250460	367450,346010,638000,220200,746560,621060,244850,684410,4000,645630,573090,750050
250500	200210,312530,252610,250760,1061090,929010,900270,237740,391540,569860,504230,248820
250520	552620,38410,38400,346940,240760,38420,230070,373420,272270,760060,921800,300550
250540	555880,745010,697550,789760,366090,512900,627690,900010,246620,247080,616560,108600
250560	219990,475150,345180,215530,200710,487000,238960,400170,269210,774241,485510,212160
250580	857980,442780,595140,574090,415030,266110,297120,529970,308420,588650,247080,501950
250600	720300,906390,225080,341720,384190,288160,461560,383870,501300,648390,744810,715560
250620	732690,505230,391720,418370,57300,320240,242760,617160,238320,239200,282140,399810
250640	502800,411830,418340,429660,511680,524220,329490,292480,889510,263620,809890,632350
250660	851100,692850,400910,428550,345820,253840,318530,277890,203510,620220,960190,302790
250680	219740,318600,262060,646570,606150,250900,305620,247080,242760,275850,383870,677120
250700	368620,851100,764790,460950,250760,595790,400910,557340,274190,584400,916730,312530
250720	727130,8500,220200,359320,271260,252870,244850,457140,281990,419480,464920,392160
250760	504230,460950,1061090,363440,838310,764790,584400,200900,916730,34270,495050,595790
250900	588650,247080,646570,311690,585710,445980,239350,603960,113200,262060,542350,434650
251020	24010,573090,530070,784150,503940,797400,446800,553520,287980,602320,315660,598960
251060	58610,222750,572410,244450,502520,919640,779340,321410,275290,871530,394360,541210
251110	391720,512790,244910,258520,306760,383870,501300,210970,770390,1011550,1029890,233230
251130	495280,470310,699170,607050,485460,355420,405900,921570,691690,445190,636320,364200
251150	359870,251290,742120,312750,595520,613830,269190,429660,330390,538680,738540,39140
251170	232090,550,381210,594650,509980,251570,1250,239140,383150,503350,21690,221040
251210	247000,282800,434170,527230,108200,236690,610180,286160,470220,397460,331670,290340
251230	394510,262830,2500,264300,585710,678800,22650,636100,528230,676930,324570,11200
251270	311240,477740,524850,537110,483980,597760,637850,567640,893180,413410,410890,413420
251290	359870,742120,312750,282900,269190,251150,351710,538680,330390,595520,382900,645730
251310	242760,342180,505230,239140,967050,815370,400940,264710,848450,509980,480490,521890
251370	209190,835430,504230,230700,460950,381870,263980,206190,389190,250760,341500,1020940
251390	262060,958740,7650,657090,760060,274520,268500,637090,304650,501320,437250,699170
251410	692850,253840,851100,235210,557340,385560,535480,463270,269650,742300,400910,428550
251430	787480,220740,421050,214340,689900,569860,711660,413410,241910,645820,421120,541570
251450	627690,506140,402840,610080,363970,438040,992070,1011510,238960,625860,386360,564710
251470	291550,323850,579840,383980,207140,293780,728880,274190,312530,674940,361350,445980
251490	683320,400,567640,973760,504230,752590,403640,424840,481510,524220,319630,501300
251510	238460,846470,261570,572890,95400,732690,683320,295790,400,406150,304430,621060
251570	108600,239140,383150,252490,648800,299740,366090,105600,346110,265550,382310,440900
251590	39210,589360,429660,738540,359870,251150,595520,637650,552700,742120,269190,538680
251630	322170,218060,590590,342650,341500,792710,531510,247080,386940,925460,620980,230270
251690	252950,620980,553310,1066260,207140,389140,228380,571740,44350,962730,94400,263020
251710	247000,553210,236690,276810,286160,718670,456670,290340,397060,282800,770100,891370
251730	207170,629690,528980,238750,837610,1000470,245410,492500,566090,618710,318970,427910
251770	2600,883710,752590,304240,559680,1010750,384110,108710,414340,245390,410710,427290
251810	325180,266310,919280,368470,585410,857350,837510,253370,347400,366530,585620,443970
251830	238460,253230,799640,572890,557340,314660,534550,400,206190,312530,221810,620
251850	1029890,514900,412140,362680,594330,391720,418370,732690,313780,282140,551770,366870
251870	459820,333600,602520,420110,326480,385800,397270,668630,402180,644560,342380,951000
251890	313120,648800,264710,848450,429050,383120,573090,359320,270880,286340,602960,384190
251910	300570,857980,457140,655480,239030,239430,281990,29180,727130,464920,1046030,322500
251950	489940,686810,393380,236390,227940,736220,552990,505460,674020,444200,884660,444090
251990	447530,977460,282900,400580,644560,460120,1003520,616250,351710,586140,844660,502120
252010	250760,363440,460950,504230,978800,764790,1061090,603930,916730,268910,34270,838310
252030	692850,261570,367520,851100,203510,428550,368620,535480,588650,916730,1018010,356650
252050	255710,413150,613100,294100,220200,493340,464920,648350,242760,24780,323190,4000
252070	211820,244850,445220,361420,383120,548430,544550,8500,220200,359320,363360,457140
252090	457140,383120,244030,252870,464920,494840,462440,602960,305620,376210,625340,544550
252110	448510,728880,880940,792710,291550,32440,293780,323850,377870,797410,996160,251470
252130	621060,3590,846470,367450,329110,437920,210970,521890,218680,343780,702670,589590
252150	253230,508440,1051200,728880,880940,627690,929010,285900,1061090,597170,236110,329110
252170	570,489520,210770,524010,204530,236110,249050,280220,91600,115120,523660,93200
252230	235460,324800,485510,601150,220440,631510,233130,460790,537000,329050,115320,261110
252250	457140,464920,294100,1055090,403190,233860,569480,361420,427520,323190,504050,463530
252270	644930,919640,3590,366090,682530,570,779340,594570,616560,931280,275530,569480
252290	232430,715560,231200,447120,383870,501300,770390,27000,391720,303210,557600,214700
252310	462100,262260,345860,377870,433950,416380,373610,253750,283680,201570,618740,313400
252330	732690,505230,320240,238320,250620,319510,388090,332800,506610,354140,414700,57300
252350	674520,229480,291550,314150,709440,946650,207930,204360,880940,209120,1032340,329490
252370	227000,761460,80310,250320,236930,80360,80330,80340,80350,316790,756500,717610
252390	294100,233860,457140,671440,493340,569480,464920,233450,323190,105450,463530,230190
252410	571310,692850,367520,261570,916730,851100,699670,900270,535480,249590,588650,368620
252430	291550,102840,6120,255070,233190,204360,275390,207930,390520,229480,674520,268910
252450	392110,281990,226860,65980,804850,419480,204880,298050,278910,208140,2820,446000
252470	244850,383120,275850,8500,211820,457140,383840,107200,24720,339600,445220,17390
252490	393420,251570,386180,648800,346110,299740,440900,383120,105600,418030,382310,387990
252530	270880,787860,24010,227300,244210,645630,447020,427100,284160,750050,690790,675010
252550	621060,406150,257510,261570,242760,210970,732690,391720,683320,251730,512790,367450
252570	242760,857980,414340,967050,480490,505230,342180,400940,519860,379720,252630,732690
252610	311690,512900,247080,248820,269210,293780,336940,45740,320040,391540,323220,740080
252630	857980,871420,296710,304650,307110,535480,619280,574090,399810,403830,596970,297120
252670	504230,220780,48000,683320,424840,261570,388420,224760,26800,304430,331480,367520
252690	527230,606230,663380,761030,208400,832770,300550,576770,1038370,272270,237990,281640
252710	250320,761460,262000,532210,302350,46500,316790,244430,302340,63660,302360,266840
252730	477160,728880,880940,434170,285900,610180,397460,331670,774461,508440,351510,535520
252750	367450,386940,3590,477160,329110,638000,437920,218680,848350,846470,508440,431120
252770	593600,304050,105600,374040,324510,211820,361420,253250,252490,440900,751780,346110
252830	597760,1053620,483980,537110,732690,209830,242760,214490,752590,418370,238320,414340
252850	939510,555440,228380,207140,831530,620980,431240,571740,523660,681280,590690,310560
252870	383120,359320,445220,361420,548430,275850,261640,244850,244030,383840,211820,648800
252910	568220,560380,815370,657200,599080,506610,594330,720250,282560,708580,485380,242760
252950	485610,687850,703940,580820,785260,770240,903730,440,752170,207140,399820,570
252970	570,345330,210770,644930,227860,236110,249050,489520,3590,523660,65800,328080
253030	517710,233610,356400,565390,378860,785260,396900,355820,300400,444000,24740,473770
253110	362680,1029890,364390,555220,94300,541570,424840,593960,752590,567640,505230,414340
253150	268500,637090,590380,289130,240760,38420,200510,392110,760060,65980,699170,489630
253190	466560,1036440,569480,499660,40980,616560,232890,40960,227180,40970,919640,25800
253230	360830,780500,481510,544330,35000,329440,731490,433340,71340,426790,1064840,452540
253250	233860,366090,496460,248390,455980,464920,242920,569480,492720,860890,403190,762650
253290	444800,397950,1057850,632250,63710,298600,1061220,361630,911230,1102260,457210,383980
253310	330830,8340,532210,345390,232790,319630,8200,31220,220090,675260,250320,975290
253330	381210,399810,250620,418370,282140,617160,597760,391720,732690,523650,238320,252330
253350	250760,504230,1061090,460950,584400,764790,34270,838310,916730,115800,332200,851100
253390	224460,280850,253230,717610,236930,400580,80360,80330,80340,80350,692850,851100
253410	292030,489830,582010,39210,306130,611670,738540,582660,637650,356190,589360,742120
253430	251570,252490,239140,299740,221100,304930,594650,383150,393420,232090,550,322330
253490	238960,372000,323370,216150,109600,9900,386360,200210,212200,537180,8500,304050
253510	594570,226840,364360,289130,214950,699170,268500,637090,276810,240760,607050,760060
253570	291550,386940,312530,383980,728880,323850,207140,880940,274190,674940,725480,531510
253610	853770,2280,379720,793620,13240,673130,2320,519860,782330,541200,13230,793350
253630	243970,546430,722730,698640,333640,590380,857980,238910,262060,259680,212680,365360
253650	641320,413150,227300,613100,24010,270880,621060,666140,530070,508440,468920,834280
253670	431960,274920,431730,585410,978680,489180,919280,978690,665300,551370,280680,942030
253690	728880,477160,880940,448510,323850,291550,238460,336440,341800,674940,42910,471810
253710	518790,552520,298110,220240,376210,509980,371660,380600,755790,386880,274940,223750
253750	377860,8400,377870,262260,724390,285440,233150,404540,1036490,618740,310790,250110
253790	457140,464920,644930,375910,271240,569480,280220,466560,403190,280720,524010,410900
253840	851100,692850,428550,400910,277890,345820,253230,203510,504230,261570,318530,481510
253860	281990,779340,594570,394360,570,236850,364360,221380,919640,644930,573100,105450
253880	281990,32470,221380,459220,4570,105450,573100,570,779340,594570,394360,339600
253900	221380,40960,232890,466560,40970,105450,569480,40950,40980,287450,4700,266840
253920	38420,760060,552620,268500,637090,240760,699170,4500,289130,200510,251150,226840
253940	359870,613830,39140,251150,251290,524220,39150,742120,595520,990050,790820,738540
253980	637650,356190,475150,102500,582660,288470,292030,489830,241930,582010,212160,204030
254060	311290,817540,435150,493900,243950,228280,640820,627690,699170,289130,582010,589360
254080	779340,594570,394360,364360,919640,105450,214950,570,466560,281990,231430,236850
254100	394360,919640,231430,244450,572410,236390,686810,552990,494840,228200,570,779340
254200	294100,361420,648800,233860,346110,253250,751780,366090,593600,227860,1055090,383120
254300	799960,215080,575720,39210,386360,8500,372000,323370,238960,495910,216150,9900
254320	212680,214490,857980,366910,457140,480490,300570,275850,268130,334420,313630,294100
254370	492720,858810,921570,391540,20920,8850,718670,523780,292030,379430,716640,475550
254440	314000,269170,670290,366690,831250,431240,872790,228380,571740,244210,339610,737800
254460	254480,883710,221040,381210,254700,287290,304240,239140,438740,21690,232090,222480
254480	221040,239140,287290,381210,883710,254460,21690,232090,254700,301640,222480,304240
254590	621060,457140,613100,294100,233860,535930,453090,255710,493340,464920,648350,569480
254700	883710,304240,221040,268050,21690,287290,301640,222480,339340,41700,427190,601430
254820	573100,779340,507490,594570,363680,214950,244450,325610,4700,572410,418240,281990
254840	281990,573100,339600,32470,459220,4570,204880,931280,386070,17480,375910,40100
254860	281990,394360,236850,919640,105450,466560,569480,266840,244450,989690,42960,459220
254880	200510,7760,38420,7660,268500,459220,637090,4570,223830,392110,489630,17480
254920	221380,535930,105450,228280,470220,257350,266840,32470,4700,809720,459220,4570
254960	699170,215930,803600,268500,637090,283270,760060,485460,214950,405900,991810,705220
255070	692850,535480,851100,588650,291550,241600,322110,239350,6120,299480,102840,428550
255163	209160,209650,548570,489940,686810,379720,460930,311210,552520,877200,730,359550
255220	44350,378860,244210,228380,266410,690790,421020,211500,737800,805550,310560,365960
255260	704230,525920,322850,408760,872790,831980,518790,415200,44350,460920,880380,375530
255280	787480,362680,241260,350640,46480,413410,733790,239030,233370,541570,456750,319630
255320	219910,368360,220740,421050,330830,292910,214340,413410,689900,787480,241910,232790
255340	261570,238460,683320,95400,26800,846470,224760,835430,424840,331480,230700,1083450
255370	620980,774171,531510,247080,641960,513510,322170,356400,49600,235800,351990,270210
255390	261570,683320,238460,846470,404680,835430,304430,916730,48000,249590,731490,7000
255420	213850,316010,453480,49470,601510,397060,97330,531640,364470,410380,583950,291410
255520	233720,265210,246900,4000,548570,418460,657200,427730,611790,686810,516750,578620
255710	453090,233450,446800,774351,648350,24780,860890,242920,1083300,57690,492720,375910
255870	674940,219190,347280,404540,878420,408410,692110,205730,359450,286000,274190,382490
255920	255940,63610,63660,287020,292390,643620,284050,501990,369830,302350,496760,262000
255940	63610,63660,292390,287020,643620,501990,302350,369830,501970,284050,496760,302370
255960	255940,63610,63660,501990,643620,287020,501970,369830,292390,368370,712730,1044340
256010	240760,268500,760060,637090,699170,226840,38420,289130,779340,594570,214950,590380
256030	219990,774241,570940,356190,589360,449960,238960,374320,107100,637650,215530,475150
256070	252950,271590,284160,386180,228380,378860,785260,645630,646910,928600,244210,460920
256190	312660,489940,227940,24840,2640,10090,2630,736220,447820,476600,201810,2620
256290	683320,359870,251150,251290,292030,237990,377840,973760,435150,692850,281640,504230
256330	421020,690790,310560,675010,520940,228380,824720,378860,241560,55140,561600,928600
256370	55140,561600,520940,282050,400800,336010,690790,310560,359220,421020,477770,824720
256390	759740,477770,244210,228380,266410,378860,690790,805550,460920,55140,928600,737800
256440	508440,686810,857980,919640,494840,602960,489520,627690,774861,704850,570,779340
256460	368340,921570,524220,359870,613830,292120,382900,251290,552700,39140,282900,742120
256576	255710,107410,281990,289070,413150,270880,508440,394360,236390,203770,686810,613100
256611	255710,107410,281990,289070,413150,270880,508440,394360,236390,203770,686810,613100
257030	410320,460810,637090,547360,650510,704270,283680,342200,630030,378540,682450,209540
257050	275850,361420,383120,294100,264710,848450,697550,383840,244850,211820,105600,504050
257120	268130,243970,296710,857980,252630,512900,400940,336940,212680,282140,722730,853240
257170	644930,233860,323190,464920,455980,366090,569480,239840,457140,588430,403190,860890
257220	319630,362680,336140,31800,631570,237850,623940,555220,370910,532210,787480,253110
257260	368360,346900,541570,288160,283940,532210,787480,425580,234270,353560,574560,94300
257350	228280,321800,640820,466300,704450,560130,291650,373420,362960,208580,39200,32370
257400	408930,919280,263600,949500,266310,365670,366530,904300,1840
257420	312660,519860,581320,379720,728740,324800,564310,13210,501590,548570,10090,611500
257510	499520,377160,620,22380,391720,524220,361550,512790,400,802900,480490,431650
257610	431960,363890,592260,431730,327140,585410,220700,978680,489180,919280,978690,384300
257630	268910,858210,809020,366250,233150,360740,667600,793350,1037590,462100,218820,292500
257650	919280,325180,650090,266310,251810,837510,1080890,1111020,347400,237370,620040,368470
257670	718670,478980,958740,802400,945680,556530,434170,286160,262060,470220,334230,610180
257710	402840,363970,444640,291550,335240,674940,346900,236110,627690,612020,728880,471710
257730	531640,453480,601510,364470,489520,575720,291410,316010,762560,544810,609940,410380
257750	291550,579840,248820,323850,268910,274190,531510,728880,95400,792710,445980,386940
257770	460930,863550,15120,730,359550,218620,552520,107410,641990,555440,578080,34870
257790	44350,252950,212480,255220,232910,389140,203680,785260,228760,228380,207140,396900
257830	362680,284770,314790,319630,678970,393190,699780,623940,615350,259740,662190,458480
257850	588650,312520,297130,504230,332200,460950,367520,570940,261570,250900,374320,350070
257870	560130,257350,373420,296570,954650,362960,300550,200960,272270,208400,219990,640820
257930	804850,464920,457140,271240,226860,727130,800270,573490,544610,281990,392110,335620
257970	333390,211340,317300,461700,644560,333600,937170,578900,367120,397270,359870,485040
257990	731490,207490,818060,584400,916730,557340,421880,851100,250760,838010,242550,728880
258010	261640,24980,548430,230410,1085660,17460,1058020,311210,281610,396750,502500,32470
258050	366090,108600,304930,1044200,513710,299740,329430,340050,331720,500,543900,382140
258070	588650,248820,535480,239350,323220,753420,241600,557340,322110,291550,460950,367520
258090	990050,368340,429660,359870,595520,524220,1045620,407330,809890,1016960,353270,552700
258180	238010,337000,6920,233270,6910,1091500,17410,91700,1056960,201810,471010,612880
258200	247000,276810,236690,326670,216890,527230,456670,663380,397060,358460,290340,293260
258240	769950,268400,686810,236390,605200,444200,231430,672140,244450,326460,1019250,450290
258520	399810,624270,391720,383870,244910,937960,501300,567640,770390,251110,413420,306760
258590	213670,488790,292030,288470,243470,39140,20920,236430,47890,489830,582010,32440
258643	24010,573090,530070,784150,503940,797400,446800,553520,287980,602320,315660,598960
258760	270880,227300,244210,787860,645630,284160,24010,378860,605740,451340,675010,690790
258880	787860,413150,447020,666140,599140,840010,673950,313160,405710,704030,534370,220260
258890	621060,683320,503560,261570,230290,367520,406150,504230,367450,48000,424840,262410
258910	213670,231740,310060,488790,432350,307640,495280,742120,107300,251130,391540,338320
258950	391720,258520,313780,282140,551770,250620,251110,399810,1029890,514900,617160,388880
258970	219990,239070,445980,475150,345180,249990,200710,215530,487000,293780,204360,238960
259000	252610,221040,247080,311690,677120,585710,274190,323220,250400,222980,512900,401710
259020	109600,206480,442080,332070,11610,381990,529180,487120,372000,323370,238960,9900
259060	248510,289070,392110,722060,289130,226860,226840,8930,3900,594570,364360,4700
259080	271590,225540,460930,863550,113400,55230,243470,12210,447040,304050,755790,582660
259130	552620,38400,38410,38420,240760,39140,760060,613830,250520,39150,253920,333640
259170	239140,242760,480490,4500,342180,20510,601430,251570,41700,287390,320240,286690
259190	239140,242760,254700,274520,251570,883710,480490,342180,339340,399810,418370,304240
259320	508440,489940,641320,774171,601510,732690,268910,728880,678950,880940,24010,470220
259340	730,557340,359550,230410,49520,508440,252490,686810,271590,107410,548570,578080
259410	760060,863550,521890,812140,460930,329110,704850,582160,356190,750920,282070,391220
259430	8500,419480,261640,275850,727130,220200,290300,359320,794270,252870,9900,863590
259450	314650,275850,359320,392160,383840,220200,369530,2820,398170,290300,314230,383120
259470	477160,367450,346010,437920,702670,638000,400,35720,224480,35700,544330,973700
259490	553310,804490,620980,817130,252950,228380,94400,378860,394310,962730,261180,564230
259510	378860,620980,228380,255220,804490,641960,444930,553310,471710,465780,770240,486780
259530	618740,221640,356890,233150,268910,595790,788930,793350,531510,622810,107600,840930
259550	346560,425580,288160,284850,751780,284770,354240,435400,627690,706490,96000,678970
259570	346110,361420,648800,252490,418030,383120,294100,264710,848450,457140,445220,402710
259600	370910,336130,336140,239030,362680,733790,80330,204060,80350,623940,631570,611760
259620	8980,261640,377160,252490,49520,939960,9200,552520,107410,393380,939510,383150
259640	57300,752590,238320,750920,391220,732690,320240,293180,242760,521890,287390,286690
259660	727130,281990,8500,464920,359320,419480,249190,220200,339600,32470,252870,824070
259680	262060,646570,219740,650940,333640,891370,98800,956450,561740,434880,200210,207430
259700	342180,939510,239140,366090,883710,311210,594650,221100,232090,550,616560,251570
259720	616250,459820,937170,333600,602520,635940,420110,833040,326480,923810,445800,310080
259740	284810,284790,284770,657040,284750,615350,504000,350010,558790,279800,437420,369420
259760	204360,238960,738540,105600,758330,512900,629730,200210,211820,239070,39210,692850
259780	413150,508440,751780,641320,774171,732690,728880,880940,34270,980300,877200,627690
259810	846470,261570,572890,238460,95400,295790,477160,813630,544330,683320,329110,732690
259830	557340,291550,460950,367520,268910,504230,588650,851100,250760,261570,1061090,697550
259870	883710,246620,418370,402840,3590,616560,416680,686200,790850,678800,388060,621810
259890	413150,787860,666140,599140,447020,673950,840010,405710,585900,313160,730050,678900
259940	508440,477160,728880,535930,880940,434170,929010,611790,285900,610180,3590,397460
259960	508440,477160,728880,535930,880940,434170,929010,611790,285900,610180,3590,47890
259980	508440,477160,728880,535930,880940,434170,929010,611790,285900,610180,3590,47890
260000	508440,477160,728880,535930,880940,434170,929010,611790,285900,610180,3590,47890
260020	413150,508440,613100,751780,641320,286160,774171,621060,732690,477160,728880,314650
260040	508440,477160,728880,535930,880940,434170,929010,611790,285900,610180,3590,47890
260060	413150,508440,613100,751780,641320,286160,774171,621060,732690,477160,728880,314650
260080	508440,477160,728880,535930,880940,434170,929010,611790,285900,610180,3590,397460
260130	803600,790820,237890,405900,251150,294860,495280,312790,470310,529160,312600,742120
260160	731490,71340,360830,253230,637100,1009150,584400,847360,996580,544330,329440,71250
260190	33230,243470,13600,13500,368500,13530,289650,245280,235600,48190,582160,201870
260210	812140,368500,582160,242050,33230,15100,403640,289650,48190,311560,201870,241930
260230	316430,532210,10180,2630,33230,252710,266840,292030,8870,752590,653530,15190
260250	692850,838310,504230,851100,535480,400910,428550,1018010,835430,277890,250760,203510
260270	284770,855640,288160,495110,284750,425580,678970,435400,699780,458470,657040,284850
260309	919640,394360,231430,244450,572410,228200,64000,25890,779340,7830,736220,235380
260330	416680,260530,498720,252750,431120,210170,72400,562330,346010,322500,329110,261570
260380	352070,398110,489520,3590,703080,523660,236110,960090,328080,816340,65800,688420
260410	236110,627690,444640,329110,273110,446150,533780,402840,262410,363970,356310,305260
260430	436150,658970,384180,531640,380600,673950,394690,438040,471710,376210,322950,829590
260510	745530,347060,841370,310880,339610,261600,872790,831980,577800,465780,593240,385760
260530	416680,498720,431120,260330,210170,252750,261570,846470,428830,504230,851100,253230
260550	319630,362680,232790,284770,46500,855640,314790,495110,284750,678970,393190,236930
260570	319630,336140,284770,46500,855640,495110,678970,393190,657040,762520,615350,504000
260650	559100,406720,812140,814380,752590,460930,863550,447040,750920,391220,582160,356190
260690	262000,350640,288160,541570,483420,413410,288060,368390,402260,430020,230210,425580
260710	413410,350640,288160,541570,402260,425580,94300,362680,46550,744190,909080,262000
260730	307670,610370,418240,6800,6830,46560,38420,760060,268870,221380,4570,236870
260750	787480,316790,32360,32460,220740,3590,569860,848350,730820,535930,32310,228360
260790	250760,504230,460950,312530,1061090,764790,916730,838310,268910,251470,274190,386940
260930	919640,463530,302670,466560,244450,989690,281990,394360,735280,251060,255710,236850
260990	657280,375840,725610,868340,779960,936030,911840,888370,845420,1061820,839580,690280
261030	532210,866800,250320,554620,498240,287290,319630,675260,418370,330830,253110,339340
261110	601150,220440,631510,329050,235460,6550,45700,460790,924100,896460,524220,208670
261180	553310,383980,678950,674940,310950,291550,307780,520440,976310,94400,245170,45760
261350	253510,596970,627690,215530,236110,246760,238960,272270,269190,494430,429790,329110
261390	413150,508440,613100,751780,641320,286160,774171,621060,732690,477160,728880,314650
261470	281990,573410,226860,392110,204880,418250,65980,419480,40400,273070,2820,298050
261490	612880,400,8980,261640,939960,377160,857980,311210,1056960,8870,562860,233270
261510	302360,302350,302340,302370,110800,302330,250320,80310,227000,514900,46550,378660
261530	470260,313630,343860,391720,305620,383870,258520,480490,384740,417880,622010,210970
261550	48700,48720,1103820,22100,107410,203770,508440,304390,311260,379430,4700,223750
261570	367520,387290,504230,481510,366320,428550,115800,851100,692850,683320,312520,400630
261600	841370,339610,745530,347060,872790,831980,260510,310880,577800,465780,593240,385760
261640	49520,8980,1085660,440,324800,4000,548430,939960,41070,620,204340,564310
261680	232430,683320,715560,976920,501300,447120,770390,557600,327410,774201,1090900,918820
261700	400910,428550,851100,203510,1016960,504230,248310,564150,261570,318530,253840,842910
261720	46570,46450,432350,527230,405900,231740,495280,310060,351480,363930,929010,318090
261740	268910,858210,462100,377870,618740,451600,347160,262260,533050,525510,252310,366250
261760	489830,611670,306130,22330,22320,253980,205100,367500,2100,790850,102500,204030
261880	252610,311210,232090,394970,342180,460950,616560,416680,413150,1250,1066260,3590
261900	238960,105600,629730,200210,211820,39210,692850,899770,49520,306130,292030,812140
261920	223850,264020,323910,524390,464170,205270,236890,267130,229950,431960,919280,384300
261940	477160,329110,508440,238460,751780,846470,210970,227300,666140,541570,621060,732690
261960	751780,433340,715560,227300,666140,210970,253230,270880,384190,360830,840010,770390
262000	244430,787480,413410,262940,316790,541570,350640,336140,370910,292930,284770,532210
262060	657090,904380,429620,650940,978520,905490,646570,698640,362490,264160,760060,718670
262080	410320,460810,230410,1058020,6060,311210,203750,209540,24980,301520,55150,767560
262100	274190,366250,445980,222980,535520,312530,728880,858810,880940,383980,413150,674940
262120	523660,236110,65800,306020,444640,210770,201790,91600,446150,305260,107410,345330
262150	245170,222940,794580,370460,482450,716710,586140,502800,452510,661990,838380,263300
262190	57900,213670,488790,223470,1091500,365020,789760,513710,751440,49520,611790,915460
262210	965000,879740,353340,300400,470270,718120,487330,958690,493200,1076230,859640,742460
262240	377860,207400,937580,390730,390710,316600,882710,924650,437020,1031480,776490,368950
262260	377870,252310,462100,253750,268910,347160,201570,313400,373610,345860,312610,292500
262280	493900,230190,329970,70400,3720,718650,929010,758190,466560,817540,883970,989690
262300	39210,269190,738540,637650,589360,742120,1016960,429660,368340,372000,990050,359870
262370	629730,899770,627690,727130,494430,236110,512900,992300,799640,362490,745010,327070
262390	397950,557340,284460,811270,457210,721850,329440,812550,280180,17410,382560,253230
262410	450540,236390,223750,302670,436520,253710,686810,418460,22350,107410,393380,691320
262450	601510,453480,427490,282800,646570,247000,286160,531640,470220,606230,108200,663390
262470	390910,1063960,238260,444930,334940,341090,422510,606280,973760,448670,848030,546550
262490	431960,363890,979010,949500,837510,408930,274920,257400
262550	252410,250760,557340,851100,692850,322170,742300,916730,394550,400910,753420,838310
262590	736260,662410,353540,290260,819960,316610,348300,207570,806970,346850,868230,670850
262610	839580,831710,831700,837810,1001160,657280,375840,642770,919280,725610,269470,868340
262630	367520,200210,504230,774861,814380,374320,250760,582010,261570,445980,1061090,386940
262650	431960,274920,431730,585410,978680,489180,919280,978690,665300,551370,280680,942030
262690	368740,228380,320140,300380,287260,418060,243800,207140,71230,1070580,253030,1101760
262750	8500,359320,271260,339600,17390,9900,212070,261640,548430,17440,24720,252870
262770	367520,504230,851100,250760,261570,1061090,692850,460950,916730,386940,683320,764790
262790	247080,113200,323220,588650,239350,585710,384490,574090,677120,663300,646570,1076230
262810	646570,250900,239030,606150,677120,645820,445980,698640,262060,227000,611760,212680
262830	678800,394510,99300,459830,585710,39800,2500,371510,242680,33100,464060,281920
262850	220090,250320,392280,80310,316790,443810,567640,492630,80330,319970,46480,683320
262870	255710,107410,281990,289070,413150,270880,508440,394360,236390,203770,686810,613100
262900	921570,929010,255710,535930,758190,493340,492720,569480,989690,872790,809720,503560
262920	858210,253750,366250,809020,377870,937580,233150,360740,462100,464450,403430,292500
262940	569860,316790,355170,388210,787480,32460,6010,33600,32360,262000,228360,244430
262960	764790,916730,838310,588650,332200,200900,835430,1018010,230700,367520,350070,400910
262980	462100,724390,377870,366250,484930,373610,252310,201570,892910,999200,278100,618740
263020	323850,207140,553310,674940,261180,312530,252950,728880,386940,880940,285900,383980
263040	871930,727130,341710,722730,627690,929010,543390,428690,646270,840010,461430,674890
263060	252490,393420,274900,939960,224540,405710,4000,221100,251570,259620,342480,304930
263080	606150,677120,247080,269210,530930,311690,445980,753420,456670,711810,603960,585710
263100	232430,383870,501300,221910,303210,214700,978250,250260,974090,715560,343860,520720
263120	220200,314650,230290,645630,367450,440650,750050,508440,621060,236850,431180,445800
263140	918820,680980,475550,973760,239030,640820,319630,560130,733790,505230,420530,362960
263180	218680,283940,440650,397430,431180,294540,932420,512460,519160,319400,386870,759750
263200	361420,211820,383120,244850,105600,751780,294100,402710,346110,275850,252490,383840
263280	675010,690790,824720,421020,645630,310560,241560,244210,957050,787860,270880,750050
263300	678950,310950,222940,520440,452510,209120,571260,45760,348550,388750,245170,411370
263320	432350,231740,107300,107310,233470,495280,282900,521200,46450,927380,742120,921570
263340	238960,508440,105600,242760,1051200,275850,629730,367520,200210,211820,504230,342180
263360	1091500,377160,8980,261640,22380,218230,480490,857980,337000,414510,22370,9200
263380	475150,238960,790850,39210,306130,435150,292030,489830,582010,582660,627690,219990
263400	607050,294860,803600,237890,260130,779340,268400,769950,215080,405900,488660,581130
263420	657200,233720,1005390,289090,799260,973440,651380,965340,620980,891200,966400,785070
263460	732690,40700,257510,477160,3590,846470,675620,723270,434310,1019230,621060,848350
263480	548430,311210,704270,552520,8980,202970,252490,578080,261640,939510,210770,594650
263500	109600,386360,206480,444090,442080,570,332070,381990,235340,11610,323370,690510
263520	752590,424840,567640,391720,232430,430070,501300,402260,362680,770390,435300,541570
263540	761890,304050,39120,201230,206480,109600,212200,323370,8500,212500,372000,287920
263560	538680,904380,663380,837610,259680,245450,238750,428880,451020,318970,333300,561740
263600	251810,919280,266310,431960,837510,325180,857350,949500,369190,253370,368470,366530
263620	460790,208670,418340,329050,524220,502800,292480,553640,411830,511680,214590,889510
263640	480490,239140,342180,251570,232090,550,383150,286040,848450,214490,47780,221100
263680	33230,292030,245280,250760,8870,11450,15130,12710,208650,201810,288470,32370
263700	386940,240720,238460,846470,367520,692850,216150,504230,584400,851100,571310,250760
263720	383980,291550,725480,535520,976310,310950,678950,674940,307780,553310,245170,944500
263740	252950,872790,770240,49520,485610,571740,399820,735550,580820,508440,687850,703940
263760	284160,228380,552100,265930,225540,508440,4000,346010,448280,641320,397340,517630
263800	570,779340,730,359550,255710,435150,107410,281990,594570,289070,578080,508440
263820	790850,368340,12810,846110,11450,12710,606150,238960,234900,356570,240970,362960
263860	281990,573100,339600,32470,507490,510500,204880,271240,386070,375910,281610,244160
263880	312610,484930,366250,268910,250180,292500,94200,916730,219190,218820,462100,377870
263920	221100,251570,1044200,513710,512900,108600,366090,252610,594650,939510,105600,593600
263940	244050,597030,320840,42960,242860,814740,236390,223750,269950,502500,314160,646910
263960	238460,35720,251470,95400,291550,319910,35700,268910,445980,261570,477160,504230
263980	504230,835430,230700,460950,764790,250760,332200,70300,851100,838310,588650,115800
264000	238370,21130,39120,65800,785260,405310,204120,445980,477160,967050,983790,42910
264020	223850,261920,323910,524390,464170,205270,236890,267130,229950,431960,919280,384300
264060	835430,261570,230700,231160,224760,367520,404680,692850,296870,544330,400630,504230
264120	211500,378860,244210,228380,457330,266410,44350,359800,386180,11020,255220,690790
264140	751780,413150,105600,211820,347940,1039350,252470,834910,599140,311310,379210,200210
264160	262060,650940,548370,259680,333640,249050,243970,722730,646570,384490,98800,341390
264200	980300,389730,447290,25000,468670,423230,221640,674520,233150,706510,236450,489140
264220	367520,504230,250760,261570,1061090,851100,460950,916730,386940,764790,588650,535480
264240	377160,22380,32370,24980,261640,480490,1091500,8870,7670,337000,272270,208580
264260	616560,686810,857980,602960,648350,863550,543900,790820,496240,366090,424030,418240
264280	588650,248820,239350,753420,241600,323220,322110,437570,401710,465200,857980,360740
264300	678800,500,939510,21690,471330,221040,360170,340050,555570,304930,39800,459830
264320	259740,284790,284810,663370,317320,763030,346560,730820,319630,362680,32360,32460
264340	851890,246580,412050,576980,552520,640310,640300,585910,502540,450540,636450,448370
264380	567640,447530,698780,812810,324160,316720,333600,602520,570840,962390,555950,420110
264400	750920,477160,391220,620,567640,973760,683320,787480,418370,261570,813630,954650
264420	431960,363890,592260,431730,327140,585410,220700,978680,489180,919280,978690,384300
264440	555440,512900,1048950,599080,329070,559650,518150,1048100,632360,581630,620980,686810
264460	261570,367520,238460,846470,504230,851100,692850,250760,1061090,683320,386940,253230
264480	883710,239140,418370,21690,242760,342180,251570,254700,221040,732690,268050,301640
264520	787480,413410,541570,512790,244430,569860,790740,631570,532210,425580,319630,456750
264540	697550,588650,504230,460950,851100,250760,312530,1061090,323220,248820,799640,692850
264580	288160,425580,435400,532110,284770,855640,294650,495110,935580,284750,1020270,678970
264690	646570,905490,742120,247080,606150,250680,632360,588650,113200,753420,731490,516110
264710	848450,648800,313120,242760,361420,275850,738520,383120,751780,305620,346110,294100
264730	342180,232090,550,883710,435530,939510,500,301640,21690,418370,388060,211400
265000	456670,646570,606150,449960,677120,489520,269210,266510,589360,219990,238960,475150
265120	281990,573100,339600,32470,510500,459220,4570,204880,507490,931280,919640,386070
265170	390710,574160,716710,1037590,937580,882710,314180,377860,390730,460630,439490,316600
265210	246900,233720,548570,4000,255520,434570,324800,564310,537340,10680,337320,41070
265240	329110,3590,234330,367450,437920,794800,218680,99910,287980,602320,863550,239030
265300	485510,570940,814380,1045180,691280,335300,356650,921970,356190,283640,374320,794260
265330	288160,425580,353560,541570,352520,733790,787480,96000,40720,362680,395170,413410
265380	48000,1018010,692850,851100,535480,250760,367520,261570,211400,504230,683320,240720
265470	504230,851100,692850,393520,368620,481510,683320,620220,584400,367520,250760,838310
265490	413150,508440,613100,641320,286160,621060,314650,227300,535930,666140,858810,877200
265550	45740,239140,251570,45770,383150,543460,427190,360170,383180,232090,108600,299740
265590	578080,475150,919640,268500,219990,32470,460930,105600,548430,339600,261640,602960
265610	432350,742120,538680,359870,282900,269190,351710,552700,1045620,524580,377840,613830
265630	440,594650,444090,755790,291480,218230,227940,253710,261640,4000,273110,591740
265670	253230,367520,504230,851100,683320,250760,261570,1061090,481510,900270,240720,304430
265690	368450,233230,670750,219890,558450,882560,346550,512790,1029890,306760,482440,391720
265730	738540,637650,589360,429660,351970,372360,39210,710470,410850,637670,345350,292140
265750	594650,840800,444090,1048950,656240,504370,674940,546210,252490,221100,625340,556050
265770	230410,9900,8500,339600,212070,444090,835860,218230,755800,600750,359320,1085660
265790	367520,504230,851100,683320,250760,261570,1061090,253230,481510,900270,916730,764790
265810	328080,230290,352720,413150,641990,745010,286160,774541,508440,900010,222730,466940
265830	304430,424840,48000,308060,504230,261570,846470,609320,544330,963210,252670,1069740
265870	1011940,373770,828070,278460,406110,965820,440540,278530,985400,1013870,271990,791330
265890	271900,684170,304410,266010,785890,794940,287980,736260,322500,497040,508900,1046030
265930	225540,284160,477160,508440,4000,220200,332570,448280,346010,387990,537340,552100
265950	391720,306760,258520,251110,512790,229580,233230,244910,210970,1029890,1011550,770390
265970	289130,226840,606230,205990,228260,61520,203630,378720,449300,833170,289070,722060
265990	262060,646570,527230,333640,200210,259680,891370,994220,905490,546430,248860,698640
266010	785890,287980,265890,304410,271900,1046030,684170,654440,676420,539750,973220,568320
266030	489520,601510,453480,364470,531640,544810,591960,575720,291410,316010,1019250,988480
266050	342180,612880,239140,232090,550,671510,238320,365020,476600,519860,418370,939510
266090	727130,271260,24720,8500,646270,261640,9900,290300,211820,233860,527100,47890
266110	574090,857980,595140,308420,297120,529970,442780,250580,1041130,433600,301840,407560
266130	779340,34030,268500,637090,760060,289070,4700,10500,594570,699170,364360,38420
266150	495910,844870,215830,237310,216150,212200,372000,537180,323370,291550,357500,630100
266170	751780,105600,211820,413150,294100,233860,385380,440900,280520,697550,242760,346110
266190	374040,593600,105600,361420,346110,383120,211820,253250,252490,227860,382310,440900
266210	646570,247080,677120,588650,606150,323220,262060,561740,250900,98800,249630,259680
266230	1011940,448170,359440,965820,406110,370300,278460,890940,461710,373770,852790,828070
266250	268910,377870,253750,373610,451600,462100,404540,389650,484930,262260,201570,313400
266270	872790,770240,236690,431240,339610,321400,1078930,375530,455020,804600,674850,453710
266290	269950,314160,270880,227300,493340,307960,24010,621060,732430,413150,433530,468920
266310	325180,251810,837510,919280,857350,368470,585410,220980,366530,365440,369190,347400
266330	261570,48000,250760,295790,557340,692850,851100,683320,314660,933450,238460,846470
266370	271590,396900,228380,386180,646910,552100,252950,310560,9200,785260,378860,284160
266390	246620,3590,413150,666140,872350,616560,651060,673950,749270,363930,508440,495560
266410	244210,690790,378860,310560,211500,805550,737800,365960,228380,515220,234630,255220
266430	223750,387990,648800,471710,280790,228380,383120,573090,212200,47890,420930,477160
266470	334540,342200,637090,704270,767560,410320,397100,746580,392580,682450,709440,257030
266490	253230,494430,552700,429660,812140,1045620,931500,595520,292120,846470,973760,704450
266510	456670,718670,1016730,891370,317820,449960,905490,247000,329110,265000,474750,397060
266840	287450,221380,244160,459220,4760,466560,4570,232890,40970,9450,4580,9350
266980	512790,244430,350640,288160,205650,532210,787480,63610,63660,413410,971120,208110
267060	329110,287980,792100,375820,621060,732690,477160,78000,322450,12500,304410,214550
267220	268500,637090,727130,8500,363680,271260,573100,698640,32470,289130,857980,419480
267340	3590,210770,960090,644930,408410,18500,204530,489520,235250,809440,523660,816340
267360	504230,838310,250760,851100,277890,835430,916730,318530,460950,248310,34270,564160
267490	242700,208650,209000,200260,35140,627270,24200,675260,829110,498240,313690,21000
267530	313690,213330,829110,405310,32440,249130,647830,21000,21130,32510,438640,352400
267600	255710,613100,294100,493340,464920,648350,323190,921570,787860,641320,433340,492720
267610	255710,107410,281990,289070,413150,270880,508440,394360,236390,203770,686810,613100
267670	39140,377840,228280,359870,257350,613830,39150,466300,251150,245450,321800,251290
267730	489630,289130,804850,312370,894630,226860,65980,8930,268400,312450,268500,290340
267750	234650,300550,346940,268500,637090,289130,240760,489630,200510,226840,98200,268870
267900	222940,678950,310950,571260,263300,520440,209120,495910,245170,291550,452510,45760
267920	410320,460810,767560,6510,209540,43000,342200,637090,704270,547360,45750,115120
267940	252950,271590,284160,386180,228380,378860,785260,646910,460920,681280,552100,307690
267960	851890,246580,448370,640300,305380,868520,585910,412050,502540,511740,274130,576980
267980	32470,459220,4570,857980,17480,281990,24790,356500,648350,268500,38420,339600
268050	601430,438740,883710,381210,418370,238320,732690,414700,12130,287290,19000,505230
268130	857980,212680,677120,243970,585710,906740,396480,234390,275850,606150,113200,793680
268200	760060,268500,637090,779340,594570,699170,364360,214950,200510,289070,489630,34030
268220	394510,674940,323850,310790,471550,709440,444200,99300,39800,785260,291550,728880
268240	367520,504230,851100,692850,250760,261570,1061090,386940,291550,460950,238460,916730
268260	774171,221680,620980,641960,205190,513510,618740,530320,247080,235800,636450,885000
268320	544330,457210,404680,670350,859640,559630,686450,409520,338310,504430,497080,1001910
268340	238960,105600,629730,200210,211820,39210,692850,49520,306130,292030,812140,899770
268360	252950,785260,396900,44350,255220,232910,212480,22230,257790,228760,34190,790020
268400	312450,218090,769950,844860,672140,809230,370540,337760,605200,338130,991810,310390
268420	372000,323370,212200,39210,537180,216150,429790,630100,799960,237310,844870,550470
268500	637090,200510,370020,65980,699170,7650,312370,489630,921710,7760,559100,544610
268520	238960,508440,105600,242760,1051200,275850,629730,367520,200210,211820,504230,342180
268540	362680,787480,532210,413410,541570,393190,230820,220740,316790,421050,284770,314790
268650	573090,244850,383120,252490,387990,346110,285920,648800,361420,253250,211820,105600
268670	489830,306130,292030,582010,582660,637650,356190,494430,109600,794260,367500,288470
268710	1093330,751110,534000,620980,1051200,863470,732690,629730,314650,617830,555160,244210
268750	248820,364420,105600,200210,219740,323220,211820,677120,322330,445980,269210,512900
268770	851100,261570,916730,366320,504230,367520,400910,428550,253840,692850,813630,201420
268810	288160,425580,532110,284770,615350,259740,662190,284750,504000,867050,1020270,284830
268850	431960,223850,408930,904300,919280,400040,323910,677310,703060,257400,366530,384300
268870	234650,300550,319740,471010,243970,436320,40100,464060,240760,267750,15620,460930
268890	203770,859580,467520,683940,603850,492720,784150,42960,245470,57690,236850,867610
268910	592380,698650,531510,731490,367520,755490,311690,248820,250760,237630,504230,377870
268930	318970,677120,1000470,249630,247080,251730,427910,323220,252630,857980,200210,299600
268970	494430,629730,899770,627690,770370,1011940,828070,727130,269190,894940,398850,1034810
268990	631510,281220,460790,460950,220440,204360,102840,6120,211260,418340,329490,434650
269010	990050,282900,460120,353270,351710,774511,571530,359870,1045620,415480,819020,632900
269030	293680,907380,616250,317280,821790,396650,226740,251990,225080,449100,962390,1014880
269050	362680,1029890,94300,541570,284050,391720,424840,48000,272060,395170,353560,883710
269110	690150,666140,728880,32440,584400,812190,880940,738540,448510,571310,247080,785260
269150	572430,636450,219150,886630,501220,356400,793880,67000,546780,20820,8400,356890
269170	254440,314000,244210,737800,831250,431240,444930,314650,255220,872790,571740,234630
269190	742120,359870,552700,39210,377840,637650,589360,538680,738540,536930,251290,39140
269210	445980,434650,677120,512900,311690,200210,588650,606150,247080,248820,204360,619780
269230	220440,329050,263620,460790,631510,45700,291550,389730,418340,204360,816020,423230
269250	447530,412830,819030,825630,477740,567640,311240,787480,413410,413420,970570,801630
269270	460950,70300,504230,250760,764790,312530,1061090,838310,244870,584400,251370,332200
269290	919280,517170,554820,237370,949500,288270,257650,400040,963040,257400,274920,528200
269310	249050,252610,233740,453960,363930,358130,328080,740080,368230,382140,366090,318570
269330	26800,368620,851100,683320,261570,460950,48000,424840,322500,40930,238460,250700
269350	264710,848450,815370,342180,242760,418370,732690,509980,251570,555880,939510,400940
269370	495910,216150,692850,236090,238960,1016960,204360,283640,356650,589360,697550,219990
269430	252950,271590,645630,284160,928600,386180,244210,228380,378860,785260,266410,675010
269470	919280,837510,237370,839580,831710,257650,400040,831700,837810,1001160,629520,665300
269490	236110,3590,246420,65800,201790,525620,397160,523660,919370,688420,627690,345330
269530	221100,939510,489940,444090,625340,674020,755790,813820,355840,326460,505460,843380
269550	919280,665300,218760,228180,690770,969020,892040,870420,973600,372390,679560,892030
269570	325180,585410,919280,266310,251810,347400,523410,585620,443970,585610,220980,234820
269590	646570,333640,262060,1038370,994220,1016730,891370,905490,722730,527230,718670,512900
269610	285920,346110,366090,311310,252490,727130,376210,221100,704850,494840,305620,268650
269630	678800,33130,281920,999640,917870,11340,585710,875340,799910,666220,514410,792230
269650	463270,692850,553640,1091500,851100,332200,349250,237930,346940,535480,17410,256460
269670	95400,268910,238460,291550,579840,477160,248820,445980,274190,531510,221810,257750
269690	334420,396750,366910,268130,271260,211820,212680,329130,290300,698640,364300,465490
269710	728880,291550,880940,477160,674940,323850,531510,386940,329110,448510,341800,65800
269730	571740,431240,554510,485670,725960,643590,869060,772480,572160,272890,1029570,948200
269770	105600,899440,49520,677120,582010,269210,8980,200710,414530,606150,454650,211820
269790	304240,339340,752590,883710,21690,287290,222480,381210,601430,414340,268050,418370
269810	683320,48000,367520,504230,424840,261570,1061090,304430,571310,252410,535480,481510
269890	413410,567640,319630,241260,350640,284770,415610,33600,495110,284750,370910,80360
269950	223750,314160,397340,434030,307960,433530,862390,646910,244210,645630,347170,585420
269990	268130,275850,857980,727130,261640,361420,271260,9900,252870,366910,359320,212680
270010	322500,617830,555160,857980,42670,393080,10130,853770,342180,611660,496240,877200
270030	571740,508440,1066260,641320,671620,741990,603260,263740,715370,736190,448280,642090
270050	262060,561740,259680,646570,677120,841770,249630,333300,266210,606150,247080,464620
270090	268910,8400,219150,491040,233150,462100,433950,878420,667600,595790,219190,345860
270110	593600,105600,211820,374040,440900,751780,324510,529180,487120,253250,252490,233860
270130	526140,617160,540770,418370,237850,231200,503580,232790,732690,924250,306760,257510
270150	107410,393380,730,460930,368070,227940,919640,779340,24960,581320,33930,302670
270170	417860,1033720,485860,889320,1077330,531630,723890,1064930,904940,918130,918140,982770
270190	288160,362680,269050,291710,262000,413410,532210,541570,284050,541720,287020,353080
270210	322170,247080,774171,235800,63710,218060,12900,697600,351990,531510,49600,945100
270230	244430,552880,480490,63660,275850,512790,257510,205650,470260,787480,306760,391720
270270	108600,242760,251570,274520,848450,239140,706020,305620,751780,383150,340490,329430
270310	368360,787480,413410,574560,353560,541570,368390,425580,346900,94590,31270,358090
270330	238960,508440,105600,242760,1051200,275850,629730,367520,200210,211820,504230,342180
270410	557340,460950,686810,857980,1010750,219150,673130,555160,548570,342180,519860,581320
270430	812140,292030,238010,692850,288470,32370,760060,20920,213670,758330,582160,356190
270450	252950,677620,519860,13210,311210,730,359550,440,13230,379720,2200,553310
270490	342450,379430,616250,293680,251990,317280,553480,333390,396650,578900,907380,1048090
270510	524220,704270,311210,245280,597170,460810,732690,410320,767560,465760,400940,342200
270550	594650,232090,550,251570,500,239140,939510,21690,221040,1250,342180,301640
270570	787480,751780,413410,367520,683320,200210,362680,627690,733790,261570,504230,851100
270590	242760,342180,239140,752590,251570,418370,505230,732690,238320,264710,500,848450
270610	39210,250760,306130,489830,611670,22330,367500,34270,790850,283880,206480,238960
270630	702670,3590,848350,437920,728880,843380,609490,572890,343780,218680,726830,435400
270750	39140,377840,359870,613830,228280,39150,251150,257350,560130,251290,245450,312750
270760	39140,377840,359870,613830,39150,228280,251150,560130,251290,257350,312750,321960
270770	270790,553210,699170,291410,705220,15170,606230,226840,760060,268500,290340,214950
270790	270770,699170,705220,760060,247000,606230,290340,553210,226840,291410,268500,803600
270810	937970,728880,360830,603260,774171,448510,544330,780500,593280,426790,760510,329860
270830	645630,750050,255710,787860,227300,313160,641320,284160,293760,244210,220260,447020
270850	621060,645630,750050,320300,293760,262410,244210,613100,503560,641320,221680,230290
270880	227300,530070,787860,447020,427100,645630,252530,24010,244210,646910,232010,284160
270910	327030,217200,22600,326460,470220,298050,386940,291860,297000,322330,70640,200170
270950	270880,413150,530070,492720,858810,107410,428690,393380,518790,560380,493340,787860
271240	375910,48240,464920,671440,573490,386070,507490,457140,280720,40960,977650,339600
271260	17390,480490,281990,220200,275850,24720,383120,361420,268500,204880,359320,244850
271360	255710,493340,648350,323190,492720,872790,671440,453090,233450,859580,242920,451340
271370	784150,503940,797400,446800,598960,7600,73010,225420,7610,7620,738610,304730
271500	312660,728740,227100,3700,63380,301640,238090,368070,591740,34870,247910,34830
271550	508440,286160,255710,535930,493340,921570,492720,601510,858810,431240,627690,774861
271570	548430,230410,394510,261640,1085660,238460,291550,728880,252870,32440,880940,523660
271590	55230,12210,12120,447040,9480,307690,225540,1040200,113400,12220,460920,236870
271640	692850,851100,557340,253840,916730,535480,283640,1018010,268910,250760,400910,367520
271670	230270,764790,224820,1025480,40800,860950,235460,404050,786350,235210,557340,590590
271730	447040,704850,460930,760060,243470,268130,521890,206190,282070,863550,572430,812140
271760	582010,794260,335300,236110,306130,582660,844870,65800,109600,323370,201790,435150
271820	601510,453480,282800,316010,397060,583950,436290,973760,290340,329110,318090,877820
271860	618740,268910,253750,937580,745880,233150,283680,49600,809020,250110,8400,355240
271900	265890,304410,684170,266010,287980,785890,794940,322500,1046030,736260,300570,654440
271920	386180,304050,8500,223750,506140,610080,280790,380600,47410,413150,642390,212200
271970	1011940,828070,1015800,985400,1013870,791330,893020,893010,887530,986020,985430,907210
271990	278530,332390,277470,298840,280140,298820,332410,461350,638720,828070,373770,1011940
272010	373770,1011940,828070,278460,985400,638720,1013870,440540,791330,278530,893020,893010
272040	683320,210970,1046030,621060,287980,568320,343780,897330,78000,511470,662200,406150
272060	505230,732690,332800,362680,541570,413410,391720,567640,418370,304430,388090,319510
272230	755790,444090,393380,218620,252490,261640,218230,440,939510,578080,227940,625340
272270	346940,362960,560130,466300,291650,373420,640820,311290,300550,234650,230070,973760
272300	431960,223850,382110,479130,585410,586210,629520,919280,965480,227260,524390,384300
272330	230270,235210,224820,404050,1025480,271670,235460,786350,764790,25000,860950,925560
272470	215530,219990,400170,475150,238960,200710,485510,345180,774241,487000,527430,39190
272510	349040,234670,633230,838380,502800,454650,311730,411830,678950,389730,310950,543870
272600	787480,413410,368390,94590,31270,370910,792040,336140,501790,603700,241260,495110
272620	676930,602960,274170,581320,460950,311690,464060,686810,471330,476600,488730,555160
272890	571740,431240,725960,485670,537630,772480,923260,1002650,598640,519540,948200,683660
272920	228380,310560,284160,668430,805550,585420,681280,552100,396900,520010,537340,516750
272990	413150,508440,613100,751780,641320,774171,621060,732690,728880,227300,535930,880940
273030	872790,831980,431240,339610,695290,737800,415200,288140,880380,375530,515220,797430
273070	65980,392110,281990,226860,289070,208140,289130,804850,573410,236130,544610,489630
273110	291480,594650,232090,550,444090,10090,355840,433850,304930,42700,1250,311210
273240	278930,373620,283680,742300,851100,743890,313400,746580,857900,250760,504230,524220
273350	730,555440,578080,202970,359550,440,232090,444090,218230,291480,550,500
273500	252610,39800,459830,678800,221040,306700,268910,222980,686200,939510,925280,543460
273570	273580,448850,2280,1010750,32400,2300,20,2310,273590,225160,10,2270
273580	273570,448850,2280,1010750,2300,32400,273590,2310,20,225160,1058020,40
273590	273570,273580,448850,1058020,809530,753900,2280,6060,379720,396750,637410,6000
273620	6060,244160,6000,32370,220200,9350,32470,361670,32380,419480,246900,361690
273730	270880,227300,24010,530070,787860,645630,284160,461430,252530,244210,427100,289950
273740	255710,107410,281990,289070,413150,270880,508440,394360,236390,203770,686810,613100
273750	928600,244210,228380,378860,266410,690790,460920,805550,737800,365960,310560,410340
273760	270880,787860,645630,284160,227300,244210,24010,228380,378860,266410,675010,690790
273770	255710,493340,492720,648350,323190,872790,671440,453090,233450,859580,242920,451340
273790	413150,787860,666140,599140,447020,673950,840010,405710,585900,313160,730050,678900
273800	255710,107410,281990,289070,413150,270880,508440,394360,236390,203770,686810,613100
273820	666140,451340,361280,369530,414720,984250,513480,259450,536750,786180,916980,321660
273830	236390,223750,269950,502500,314160,646910,307960,392160,667970,537800,585420,212070
273850	255710,107410,281990,289070,413150,270880,508440,394360,236390,203770,686810,613100
273860	488300,244930,311680,957850,255710,107410,281990,289070,413150,270880,508440,394360
273890	255710,413150,270880,508440,613100,493340,921570,641320,286160,433340,492720,621060
273940	242760,221100,494840,494430,602960,294100,464920,376210,323190,625340,648800,518790
273960	572410,502520,251060,779340,594570,244450,34030,312980,325610,222750,58610,507490
274010	552990,494840,311310,251060,589290,541210,573090,268650,107410,508440,236390,686810
274130	305380,246580,448370,292730,209650,489940,548570,322500,555160,636480,209160,657200
274170	219150,460950,673130,519860,379720,442780,464060,853770,394970,557340,980300,865630
274190	312990,366250,251470,312530,323850,291550,268910,238460,445980,204360,250180,257750
274230	760060,860950,322190,699170,764790,365360,331190,243970,418240,262060,622870,460950
274250	365660,250760,460950,504230,588650,851100,383980,1061090,1066260,764790,697550,248820
274270	312530,557340,460950,391540,252610,799640,929010,764790,1066210,504230,1061090,535520
274290	611760,336140,239030,589780,736850,332800,388090,541570,362680,558420,505230,504230
274310	420530,335670,206440,337340,327410,559210,921570,373770,391540,1040720,601010,251270
274350	872750,611760,733790,239030,420530,421120,569860,574560,683320,330820,866190,504230
274440	919640,394360,244450,572410,236390,552990,231430,444200,736220,64000,228200,25890
274480	261640,548430,8980,857980,275850,527430,794270,204880,9900,1085660,219990,244850
274500	464060,547360,447530,237930,654050,636100,238010,460950,17410,428750,357070,423230
274520	242760,505230,304650,239140,340490,320240,438740,706020,732690,848450,238320,815370
274560	268910,253750,404540,377870,373610,219190,310790,377860,416380,283680,233150,484930
274620	844870,504370,444090,386360,237310,761890,570,442080,304390,8500,9900,513560
274700	254320,857980,311800,262060,646570,243970,527230,590380,568220,718670,212680,456670
274880	252950,244210,207140,228380,310560,928600,378860,266410,690790,641080,410340,460920
274900	252490,677620,730,291480,232090,555440,311210,218230,594650,550,939510,393420
274920	431960,1840,949500
274940	232090,550,555440,1250,381210,594650,239140,500,730,602960,444090,552520
274960	494840,457140,253250,233860,671440,900010,453090,921570,352720,929010,463530,860890
274980	621060,220200,221680,230290,367450,314650,503560,871930,868360,262410,440650,619150
275030	431960,431730,585410,978680,489180,919280,978690,665300,551370,280680,942030,837510
275060	21690,221040,47780,301640,222480,447040,706020,594650,232090,550,381210,287290
275080	613100,641320,621060,227300,535930,255710,493340,569480,929010,989690,921570,433340
275100	244710,494430,431180,750920,242760,518790,391220,634160,305620,253230,505230,275850
275180	115100,47890,552700,351710,742120,282900,538680,435150,291860,310060,728880,799960
275200	597220,760320,413150,105600,751780,2610,585910,816990,200210,211820,21980,3020
275290	312980,244450,572410,709880,268400,64000,313500,313480,231430,919640,672680,373930
275310	552990,494840,311310,251060,589290,573090,541210,268650,490920,321410,806950,621220
275330	621060,732690,477160,848350,329110,3590,234330,367450,546050,238460,846470,339800
275350	489520,570,644930,249050,280220,3590,236110,210770,682530,524010,422900,960090
275390	692850,534550,367520,851100,588650,261570,214770,764790,900270,1018010,916730,393520
275470	732690,257510,954650,329110,590380,322500,863550,239030,530890,104200,973760,637090
275490	34270,460950,268910,504230,323850,584400,250760,386940,1061090,312530,238460,251470
275510	244160,281990,624970,573100,301650,339600,32470,459220,4570,65740,333420,570
275530	298030,9350,459220,4570,24790,232890,3720,24800,9450,4580,39540,17480
275570	738540,288470,475150,372360,637650,356190,204030,525480,589360,637670,582010,429660
275610	55150,527430,4570,20570,285190,375230,15620,9450,363680,4580,9310,394510
275670	221540,422900,40400,764510,298360,355800,856170,859440,18120,253790,933440,280220
275810	329110,234330,78000,61700,339800,12500,575550,290890,209950,269710,340360,227580
275830	329110,234330,78000,61700,339800,12500,3560,575550,820910,290890,209950,269710
275850	383120,383840,361420,359320,264710,548430,738520,392160,252870,314650,848450,242760
276220	703080,629970,828580,1027810,1027130,343780,255710,613100,493340,1043060,641320,47890
276240	255710,613100,493340,641320,47890,470220,431240,726830,448280,285740,809720,416870
276300	276340,783860,806830,664250,938390,947250,307770,276360,703080,821670,45100,304350
276340	783860,276300,806830,664250,938390,276360,947250,703080,307770,821670,45100,364940
276360	276340,783860,276300,806830,664250,938390,821670,703080,947250,45100,307770,364940
276380	255710,613100,493340,641320,47890,470220,431240,726830,448280,809720,448510,285330
276430	255710,613100,493340,641320,47890,470220,431240,726830,448280,809720,448510,728880
276440	288610,625860,296240,342580,415830,255710,567800,491330,396800,360640,360650,646470
276460	288160,425580,435400,354240,532110,284770,855640,294650,495110,935580,284750,1020270
276730	291550,728880,880940,674940,531510,204360,238460,323850,785260,41070,523660,248820
276750	286160,518060,575340,200150,300630,814990,312280,883680,535700,314340,415910,445070
276810	594570,364360,365360,760060,341150,699170,431700,650440,673880,200510,1001040,351480
276870	230190,457140,493900,671440,463530,860890,591370,1055090,494840,3720,294100,900010
276890	219990,238960,589360,215530,200710,99900,246840,487000,449960,207350,345180,223810
277110	362680,232790,284770,46500,855640,314790,495110,284750,541570,678970,393190,699780
277270	362680,232790,940300,284770,46500,855640,314790,634180,495110,284750,288160,678970
277430	394510,464060,636100,22650,324570,2500,11200,268130,678800,428750,262830,494700
277450	214950,779340,4700,4760,712100,325610,10500,34030,105450,221380,287450,394360
277460	4760,214950,325610,105450,287450,4770,859580,221380,308173,4700,23450,227060
277470	271990,373770,278530,332390,280140,1011940,278460,828070,332380,613830,742120,332410
277490	555880,494840,311310,589290,541210,489520,546050,432980,265000,268650,508440,420290
277510	386940,240720,238460,846470,508440,367520,216150,571310,692850,584400,504230,851100
277520	408650,620,548570,377160,261640,400,8870,22380,257510,480490,49520,292910
277560	288160,425580,435400,532110,284770,855640,294650,495110,284750,1020270,678970,699780
277590	242050,311560,812140,582160,368500,289650,33230,48190,201870,15100,241930,403640
277630	312450,310390,337760,268400,218090,370540,520610,283000,297750,672140,368220,332490
277650	219990,973760,774241,475150,527430,372000,640820,560130,362490,954650,228280,373420
277680	621060,732690,846470,329110,3590,367450,683320,477160,339800,406150,261570,210970
277700	557340,253230,291550,460950,367520,268910,504230,588650,851100,683320,250760,261570
277751	24010,446800,713460,750170,530070,1040730,270880,252530,227300,787860,538810,493340
277850	207140,389140,261180,444930,431930,441010,532190,212480,429330,365660,263020,649190
277870	677120,247080,606150,249630,318230,445980,646570,323220,588650,753420,269210,311690
277890	851100,428550,400910,345820,692850,838310,318530,253840,368620,835430,504230,620220
277910	464920,462440,333340,271240,646270,383120,727130,244850,457140,271260,252870,244030
277930	593600,374040,253250,346110,648800,252490,105600,361420,383120,440900,211820,251570
278080	322520,485510,637650,899440,331600,32430,348470,204360,460790,418340,631510,329050
278100	219190,201570,377870,595790,310790,8400,404540,1000000,735500,292500,906600,262260
278190	629520,919280,883140,665300,269470,837510,689790,906810,218760,657280,228180,690770
278360	403640,489830,406150,620,257510,22330,261570,683320,367520,418370,227300,504230
278420	224760,481510,391720,770390,383870,501300,512790,231160,231200,250680,430070,251110
278440	220200,244850,314650,230290,300570,97000,246900,367450,870200,330660,346010,92800
278460	373770,950890,418190,1011940,382900,382380,277470,440540,828070,278530,645730,332380
278490	373770,1011940,828070,440540,278460,985400,382380,1013870,791330,355530,438270,332390
278510	268910,858210,366250,1037590,809020,403430,865940,250180,1018000,928390,233150,312610
278530	277470,271990,373770,280140,332390,332380,298850,595520,613830,298840,278460,298820
278550	784150,446800,73010,225420,304730,503940,797400,598960,936500,7600,255710,648350
278570	820900,483980,497640,850000,420530,727340,373770,828070,559210,885810,984560,440540
278590	1011940,850000,885810,413150,751780,373770,416000,286160,432010,420530,335670,440540
278620	384490,323220,677120,249630,247080,506870,383230,200210,249050,250680,259680,262060
278640	504230,250760,1061090,460950,916730,764790,584400,851100,900270,251470,312530,34270
278810	475150,934780,489520,266130,268130,265590,471010,572430,394510,329130,460930,270150
278850	858210,366250,618740,253750,377870,464450,310790,377860,250180,233150,312610,404540
278890	239350,248820,588650,535480,323220,250760,367520,437570,364420,504230,753420,460950
278910	392110,226860,65980,544610,208140,289130,489630,268500,637090,804850,42890,42990
278930	380990,283680,373620,460810,313400,366250,742300,944590,278100,279160,292500,250180
278970	252490,518790,313120,346110,393420,239140,242760,298110,324080,552520,220240,271590
279070	606150,589360,238960,219990,449960,697550,49520,375480,429790,215530,374320,537180
279140	42960,603850,73170,289070,394360,4700,236850,779340,34030,357310,203770,10500
279160	504230,838310,250760,564160,851100,366250,835430,292500,603930,277890,460950,584400
279260	756500,787480,233370,356390,110800,250320,1067400,46480,241260,350640,761460,611760
279420	361930,296220,38150,38130,413150,666140,926140,625860,391000,673950,1053160,495560
279440	435150,560130,742120,373420,269190,379430,362960,359870,39140,538680,300550,377840
279460	252950,620980,518790,872790,928600,244210,228380,831980,378860,431240,266410,841370
279480	403120,598810,247000,108200,965210,794800,990960,663390,290340,470220,397060,282800
279500	532210,787480,413410,319630,362680,611760,733790,918820,368360,346900,541570,456750
279520	228380,284160,461430,378860,244210,732430,646910,460920,552100,737800,335070,585420
279540	406150,278360,238460,846470,424840,252670,621060,732690,477160,411560,702670,803150
279560	787480,413410,362680,733790,541570,456750,512790,244430,522470,241260,569860,31800
279640	508440,686810,294100,322330,857980,919640,286160,262060,233860,494840,646570,457140
279720	489830,611670,367500,109600,809890,47810,206480,219780,243950,529180,323470,332070
279800	284850,657040,284750,495110,615350,662190,504000,350010,678970,558790,536780,510650
279900	343860,361550,257510,749250,631570,210970,391720,231160,302350,251850,373650,306760
279920	480490,239140,939510,555440,857980,548430,379720,342180,261640,359320,650000,208200
279940	367500,335300,219780,704360,65540,2100,231910,234080,265300,818860,1930,242640
280010	632360,620980,686810,548430,494840,629730,602960,555160,228380,376210,899770,877200
280040	247080,323220,677120,384490,239350,646570,238280,383230,249630,588650,606150,506870
280140	298840,298820,298830,298850,277470,332390,332380,278530,595520,373770,271990,359870
280160	814380,863550,289650,418240,368500,582160,403640,48190,812140,201870,242050,355790
280180	329440,447040,406150,289650,368500,253230,582160,847370,457210,307690,242050,48190
280220	644930,524010,422900,666820,809440,281990,643960,204530,235520,93200,9420,919640
280320	921570,929010,758190,413150,599140,394310,751780,606150,900010,310060,34270,231740
280360	727130,271260,8500,457140,281990,876320,212680,211820,646270,24720,17390,419480
280380	312660,236390,686810,919640,552990,494840,301640,728740,444200,231430,244450,227940
280460	464060,404540,502500,219150,379720,297130,22610,311210,99300,8400,531510,55150
280500	378860,228380,271590,460950,284160,356400,504230,310560,588650,785260,250760,1061090
280520	105600,211820,751780,413150,385380,346110,252490,440900,294100,322330,593600,648800
280540	590380,637090,268500,699170,559100,223830,896160,445020,921570,544610,760060,200510
280560	618740,253750,377870,233150,268910,404540,283680,464450,310790,462100,377860,8400
280600	272470,2600,758080,427290,532790,239250,1018010,559680,333980,238960,219990,589360
280640	306130,489830,611670,22330,377160,261640,673130,22380,235540,8980,238960,629730
280680	919280,325910,408930,954880,233680,597840,441770,620040,341960,368470,601890,885440
280720	464920,403190,375910,860890,671440,453090,648350,255710,323190,233450,569480,457140
280790	346110,648800,252490,386180,383120,387990,251570,313120,105600,304050,440900,361420
280830	872790,252950,770240,375530,529440,492340,321400,263740,580820,752520,386400,862660
280850	418370,567640,732690,414700,238320,57300,521890,239140,509980,242760,214490,555950
280890	342180,214490,239140,848450,251570,480490,242760,732690,313630,418370,594650,232090
280910	857740,300400,565390,207140,785260,489760,444550,392000,433910,233610,547360,929510
280930	627690,508440,601510,774861,967050,470220,329110,686810,386940,286160,919640,339610
281060	319630,362680,611760,733790,918820,532210,787480,368360,346900,541570,413410,456750
281080	238960,508440,253230,322330,751780,105600,242760,1051200,275850,233860,477160,219740
281200	230700,201420,38700,211360,489120,544330,513450,504230,444770,95400,846470,311010
281220	268990,282530,460950,211260,692850,1018010,588650,851100,598700,3810,402880,3820
281240	522470,288160,425580,435400,532110,284770,464340,855640,294650,495110,935580,284750
281260	851890,868520,246580,511740,456540,636450,448370,412050,305380,585910,640300,499890
281350	559100,951670,223830,406290,330720,336080,308270,325470,1019370,779340,594570,289070
281370	368390,362680,413410,288160,541570,246900,319510,219910,870290,332800,497730,388090
281390	281990,573100,339600,32470,204880,931280,386070,375910,281610,244160,507490,510500
281430	257350,200960,296570,208400,112100,206060,252690,257870,206020,219990,640820,560130
281450	251150,321960,594570,297000,364360,226840,15170,435150,1640,1630,606230,699170
281560	750920,477160,391220,620,567640,973760,683320,787480,418370,261570,813630,954650
281580	236390,223750,269950,502500,314160,646910,307960,392160,667970,537800,434030,585420
281610	244160,281990,32470,375910,507490,290790,573100,339600,386070,204880,9450,311290
281640	237990,485460,292030,362960,973760,760060,699170,321960,560130,251150,289130,466300
281750	683320,846470,238460,400,424840,835430,261570,295790,692850,489120,504230,540840
281820	504230,584400,250760,1061090,240720,367520,846470,460950,386940,731490,34270,360830
281840	501300,232430,343860,383870,585840,230840,221910,803150,606860,770390,355970,628950
281860	618740,253750,377870,233150,283680,377860,8400,404540,464450,310790,433950,724390
281900	431730,837510,919280,585410,325180,266310,942030,523410,220700,251810,502570,347400
281920	678800,11340,792230,33130,464060,342180,476600,242680,666220,274170,418370,917870
281940	253230,851100,692850,354380,535480,1016960,838310,400910,537450,428550,253840,504230
281990	226860,573410,392110,261470,65980,204880,40400,208140,298050,418250,236850,273070
282010	2280,2320,282030,2310,808910,1010750,2200,40990,362930,2990,601150,379720
282030	282010,1010750,2280,40990,2990,228380,601150,300380,71230,537340,508980,6220
282050	55140,520940,359220,256370,400800,561600,336010,882020,798290,488690,504810,226780
282070	294100,323190,305620,322330,233860,760060,242760,611760,368360,219740,275850,223100
282100	601510,742120,738540,637650,589360,627690,990050,359870,429660,329110,929010,289130
282140	418370,505230,732690,57300,332800,388090,506610,399810,414700,480490,601430,264710
282210	65980,392110,226860,544610,273070,42990,804850,489630,894630,253150,734730,289130
282370	4000,550,244210,48700,314160,270880,10090,6060,787860,645630,240,4920
282400	859580,42960,203770,467520,603850,492720,314980,245620,311260,289070,394360,553260
282440	611500,13230,2200,677620,13210,13240,40,2210,324810,379720,519860,10
282530	692850,1018010,239250,838310,851100,367520,588650,261570,235210,253840,663290,234080
282560	493340,255710,645630,621060,451340,293760,492720,750050,289950,613100,703080,453090
282590	281990,204880,755800,261470,573410,40400,201290,392110,427570,220660,863280,70900
282620	8500,727130,359320,220200,252870,464920,419480,392160,383840,445220,275850,212070
282640	274170,442780,853770,620980,731720,379720,329460,529970,1048560,615610,341800,848430
282660	408930,904300,513150,404790,684380,400040,774721,754010,435060,268850,323910,677310
282680	489630,660160,577230,312450,991810,214950,1029500,705750,769950,894630,268400,34030
282740	285900,314650,431240,230290,877200,627690,774861,228380,537340,450540,367450,326460
282760	235800,12900,774171,242820,620280,851670,1054110,204060,451570,221680,62100,620980
282780	291550,242550,251470,728880,274190,323850,207490,207140,534550,204360,322110,260790
282800	290340,476420,470220,601510,286160,453480,552700,247000,316010,108200,334230,434170
282860	211820,244850,275850,383120,544550,233860,383840,324510,504050,105600,361420,242760
282880	329110,234330,367450,621060,339800,78000,12500,602320,431240,627690,774861,246620
282900	351710,353270,460120,774511,632900,552700,538680,1045620,524580,429660,527290,571530
282960	305620,382310,361420,264710,848450,815370,383120,285920,313120,383840,324080,345330
283000	268400,312450,218090,991810,672140,370540,338130,605200,809230,365560,620640,844860
283020	268400,312450,218090,283000,672140,991810,489630,809230,370540,310390,337760,520610
283040	646570,628770,247080,588650,931500,262060,650940,212680,606150,113200,1016730,793680
283060	372000,216150,215830,212200,537180,323370,630100,495910,799960,237310,268420,429790
283080	216150,495910,606150,475150,738540,356650,238960,582010,377160,589360,219990,692850
283100	8500,829590,582660,440900,593600,327070,834910,346110,376210,324510,487120,221100
283160	359320,396750,982700,209540,753900,314650,727130,275850,220200,464920,252870,8500
283180	787480,370910,792040,413410,368390,336140,661040,631570,80330,501790,80350,532210
283230	230050,253230,238460,900270,206190,252410,227600,799640,406150,557340,48000,237630
283270	254960,38420,215930,699170,251150,268500,637090,760060,803600,485460,253920,705220
283290	4500,2600,287390,286690,232090,239140,41700,532790,342180,480490,242760,594650
283310	39140,39150,382900,613830,239120,758330,330390,292030,288470,502750,382890,2360
283330	236390,686810,444200,231430,244450,307960,326460,814740,294860,35450,274500,443110
283350	236390,223750,269950,502500,314160,646910,307960,392160,667970,537800,585420,212070
283370	312660,728740,368070,591740,34870,34830,227100,3700,848500,922320,63380,434250
283410	230410,271590,578080,460930,447040,1058020,287700,755790,625340,312660,6060,626690
283430	34270,32400,250760,9180,1010750,299030,2280,224960,200940,239120,273580,731490
283450	286160,880940,470220,434170,334230,610180,282800,397460,331670,247000,562810,794800
283470	288160,425580,435400,354240,532110,284770,855640,294650,1004860,495110,284750,1020270
283490	252950,620980,518790,872790,928600,244210,228380,831980,378860,431240,266410,841370
283560	270880,244210,530070,227300,252530,24010,645630,284160,787860,228380,675010,750050
283580	252530,244210,283560,641320,270880,957050,227300,24010,343070,787860,645630,427100
283600	343070,306370,994890,1040730,24010,530070,270880,283620,573090,641320,227300,914010
283620	24010,530070,270880,343070,227300,1040730,538810,787860,785660,427100,750170,252530
283640	718590,356650,727510,570940,588650,613190,1045180,691280,265300,408060,844850,921970
283660	732690,329110,621060,477160,238460,846470,848350,508440,641320,774171,546050,728880
283680	313400,410320,407380,574160,416380,460810,314450,377860,389650,373620,464450,547360
283880	504230,751780,200210,250760,627690,851100,1061090,929010,599140,362680,494430,368340
283920	283940,790740,435400,207690,294670,855640,581270,495110,284750,283960,294650,678970
283940	294540,319400,435400,207690,283960,790740,855640,581270,932420,386870,495110,294670
283960	283980,207690,790740,855640,435400,581270,495110,678970,699780,657040,615350,458480
283980	294670,32360,32460,63610,230820,288160,316790,260750,502750,284050,32340,10100
284000	294670,283980,292820,292260,294680,317030,292300,790740,283940,435400,294530,230820
284020	47890,218680,584400,726830,702670,435400,3590,790740,809880,255710,428690,848350
284050	362680,245390,94300,555220,541570,380150,558420,332800,388090,287020,532110,561770
284080	239140,939510,304930,326960,755790,291480,355840,500,253710,218230,273110,232090
284100	457140,602960,294100,464920,1055090,212680,494840,646270,403190,906790,233860,280220
284140	812140,233270,752590,403640,973760,368500,846110,814380,638970,750920,927380,391220
284160	228380,645630,552100,675010,244210,750050,585420,493490,397340,230290,824720,263280
284180	367520,851100,261570,692850,916730,588650,764790,535480,368620,571310,534550,900270
284200	732690,621060,477160,257510,40700,329110,3590,367450,238460,846470,339800,723270
284220	268910,937580,882710,1043230,1043240,314180,283680,1037590,1023740,390710,412670,390730
284260	670750,546780,303210,701730,407020,368450,851880,978250,391720,742380,219680,356400
284290	787860,645630,284160,928600,244210,228380,447020,378860,266410,675010,690790,750050
284390	402530,646600,368390,425580,611760,239030,541570,871420,868580,304650,399810,792040
284410	238960,899770,49520,374320,582010,377160,219990,527430,606150,215530,570940,22380
284460	811270,457210,397950,379720,298600,17410,557340,262390,406150,506900,511250,280180
284580	570,236110,523660,65800,489520,345330,201790,210770,306020,434460,444640,408410
284710	657040,284750,284770,615350,350010,504000,558790,279800,437420,369420,406870,589690
284730	657040,284750,350010,284770,615350,504000,558790,536780,510650,279800,589690,330990
284750	284770,465170,495110,657040,279800,615350,284870,284850,350010,504000,662190,558790
284770	284750,465170,657040,615350,495110,504000,350010,558790,279800,589690,437420,369420
284790	259740,284810,495110,678970,657040,284750,399890,699780,284770,615350,855640,504000
284810	259740,284790,657040,284750,495110,678970,284770,662190,350010,558790,615350,429610
284830	425580,288160,949800,657040,855640,284750,464340,495110,615350,662190,284850,678970
284850	279800,657040,615350,284750,504000,495110,589690,678970,350010,284770,558790,574260
284870	284750,284770,495110,657040,465170,350010,662190,558790,536780,510650,437420,369420
284890	657040,284750,350010,558790,615350,536780,662190,510650,284770,504000,330990,495110
284910	844870,627690,236110,512900,593600,629730,834910,899770,1044200,429790,327070,529180
284930	228380,252950,271590,284160,386180,378860,785260,244210,207140,646910,233610,585420
284950	621060,732690,367450,343780,210970,239030,477160,287980,683320,329110,1046030,3590
284970	618740,253750,233150,377870,404540,283680,667600,49600,462100,8400,464450,310790
284990	282140,612880,201810,337000,287390,286690,57300,601430,16450,480490,752590,238010
285010	3590,367450,621060,732690,246620,883710,329110,508440,418370,287980,239030,343780
285070	362680,48000,597760,505230,541570,94300,683320,242760,290770,390290,421120,239140
285090	489520,570,236110,523660,65800,688420,644930,3590,345330,201790,210770,328080
285110	674370,245470,896160,868360,521150,453090,949290,671440,606800,293760,797400,774351
285130	858810,424030,503940,502520,289070,394360,236390,203770,236850,919640,105450,266840
285160	405310,32440,249130,21130,32510,647830,313690,204120,352400,438640,829110,213330
285190	4570,4580,9310,9450,573100,15620,20570,363680,55150,489630,312370,364360
285310	535930,24780,285330,453090,809720,255710,493340,648350,492720,464920,242920,233860
285330	24780,285310,535930,809720,453090,255710,493340,492720,648350,591370,606800,613100
285350	508440,686810,294100,322330,857980,919640,286160,262060,233860,494840,646570,457140
285380	227300,270880,24010,787860,451340,284160,679260,447020,446800,313160,255710,675010
285420	1011940,850000,885810,373770,416000,432010,420530,335670,440540,1048000,278460,274310
285440	253750,377870,618740,233150,310790,404540,377860,464450,268910,262260,219190,207400
285480	42960,316430,73170,600280,814740,242860,633460,603850,361380,289580,98300,279140
285500	4500,234140,22300,41700,286810,38400,38410,20510,377160,22380,9200,524220
285520	252950,271590,284160,386180,228380,378860,785260,646910,460920,681280,552100,307690
285580	444090,380600,321400,755790,471710,331360,236110,627690,504370,570,386360,431240
285670	8500,359320,727130,271260,252870,392160,281990,220200,464920,419480,17440,244850
285740	416870,654880,459820,642090,736190,777130,951000,310080,333600,699080,611790,910630
285800	699170,435150,364360,760060,289130,262060,226840,601510,527230,373420,290340,453480
285820	245490,207140,457210,641080,228380,252950,220160,703840,386940,233610,335240,271590
285840	462100,201570,312610,377870,357890,433950,858210,484930,345860,250180,219190,366250
285900	880940,865980,674940,477160,728880,291550,204360,836850,725480,448510,534550,4000
285920	361420,383120,387990,252490,346110,244850,105600,382310,648800,313120,211820,440900
285960	34270,238260,236450,1018000,8400,400020,366250,227380,885150,71230,455400,229480
285980	618740,377870,283680,433950,345860,416380,462100,253750,691630,252310,900490,575450
286000	779340,703880,410900,342560,919640,32470,427250,531680,383980,312530,459220,413150
286040	232090,550,342180,239140,594650,208200,500,1250,311210,939510,394760,383150
286100	916730,250760,200900,764790,838310,332200,835430,900270,460950,504230,230700,834760
286120	699170,268500,637090,247000,760060,289130,921570,601510,240760,226840,803600,485460
286140	305620,715560,466500,365160,343710,518790,242760,223510,275850,383870,486310,552620
286160	838410,470220,282800,247000,718670,290340,518060,403120,334230,293260,397060,47890
286200	329110,234330,339800,61700,340360,575550,78000,12500,494090,654300,548320,290890
286220	613830,39140,39150,921570,256460,239120,107300,790820,761030,359440,742120,965820
286240	228380,415200,244210,921570,293760,929010,599140,805550,394310,495890,310560,758190
286260	567640,447530,844660,344770,555950,352780,977460,282900,511680,257970,353270,351710
286280	244450,35450,312980,236390,418460,275290,91330,307960,64000,814740,769950,313500
286300	300570,845590,92800,871930,736260,558990,716490,654580,504210,370360,792100,365450
286320	269050,362680,541570,456750,336140,414340,699780,94300,532110,250320,239030,538070
286340	313120,648800,264710,848450,242760,383120,346110,252490,361420,105600,751780,275850
286360	532210,319630,541570,611760,512790,787480,413410,46500,241260,350640,792040,292930
286380	621060,329110,3590,287980,1046030,367450,222730,353640,437920,78000,234330,239030
286440	857980,727130,271260,508440,8500,686810,919640,392110,268130,494840,457140,419480
286460	413410,350640,541570,425580,94300,532210,362680,744190,262000,532110,292930,284770
286520	926140,1005130,625860,861720,849620,851520,822460,791970,710110,391000,1053160,878520
286540	288160,425580,435400,522470,532110,284770,855640,495110,284750,1020270,678970,699780
286570	244210,266410,228380,690790,378860,737800,928600,310560,805550,365960,211500,44350
286660	322170,356400,620980,513510,618740,774171,247080,531510,228380,744060,433910,489940
286690	287390,4500,412020,41700,377160,500,939960,20510,22340,550,611660,22380
286730	107410,508440,236390,686810,393380,648350,242760,4000,919640,552990,641320,221100
286750	255710,508440,493340,921570,286160,492720,535930,872790,470220,858810,431240,569480
286770	730,359550,252490,548570,578080,440,377160,489940,393380,261640,581320,857980
286810	285500,4500,9200,234140,38400,377160,38410,22300,552620,41700,22380,20510
286830	234140,9200,285500,271590,286810,378860,377160,785260,22380,760060,460920,307690
286880	269950,314160,347000,589870,236390,585420,731490,223750,502500,32440,726830,702030
286930	247080,204360,738540,512900,252610,65800,291860,283640,238960,323220,293780,269210
286940	291480,218230,227940,550650,755790,304930,444090,302670,253710,440,393380,42700
287020	501990,643620,292390,1010750,255940,284050,245390,299030,262000,6010,316790,220740
287070	268400,312450,370540,306640,310390,337760,959200,991810,338130,520610,620640,218090
287100	274190,557340,102840,218820,250180,299480,742300,780350,366250,357340,881060,6120
287120	980300,770240,34270,343780,618740,1012560,489940,732430,546050,323850,537180,678950
287140	376210,560380,625340,221100,212200,359320,311310,314160,339610,471710,238960,840800
287200	255710,493340,648350,304350,492720,453090,233450,446800,774351,242920,613100,868360
287220	244850,220200,645630,387990,383120,314650,870200,268650,413150,285920,573090,383840
287260	212480,368740,302710,300380,296790,34190,1106910,573070,203680,255220,207140,99300
287290	21690,222480,221040,301640,232090,239140,550,883710,268050,594650,254700,209100
287340	421020,690790,310560,675010,824720,241560,228380,548450,378860,558260,44350,621830
287370	394360,919640,231430,572410,228200,244450,373930,25890,235380,8170,7830,64000
287371	394360,919640,231430,244450,572410,228200,373930,25890,236390,686810,552990,64000
287390	286690,4500,412020,377160,41700,500,22340,20510,939960,550,22380,611660
287450	266840,221380,105450,459220,4760,4570,232890,40970,25830,214950,4580,24800
287580	226860,65980,489630,289130,8930,392110,804850,226840,289070,281990,278910,208140
287600	770390,501300,305620,624270,232430,581370,715560,343860,210970,306760,383870,388880
287630	379430,532210,241260,554620,498240,675260,319630,477740,653530,812140,460960,893180
287700	311340,203140,236870,460930,13570,814380,243470,311560,391220,208650,863550,368500
287720	288160,541570,319630,63660,532210,940300,787480,284770,46500,855640,790740,413410
287740	846470,508440,751780,770390,253230,227300,774171,571310,666140,319630,362680,368360
287780	494840,602960,460700,429050,307110,411560,282140,384190,648800,546400,264710,848450
287840	367520,504230,851100,250760,261570,1061090,692850,916730,764790,460950,799640,683320
287860	268910,251470,312610,584400,366250,250180,274190,34270,248820,460950,674520,250760
287900	442120,238260,444930,595960,1059190,678310,448670,729580,486370,564010,215790,373810
287920	761890,327070,8500,386180,582660,263540,304050,252490,834910,755790,299740,39120
287960	286160,718670,792570,470220,282800,456670,798510,290340,247000,364470,337150,397060
287980	353640,1046030,621060,602320,266010,724690,265890,797400,568320,785890,294100,698830
288000	629730,376210,899770,252490,625340,627690,774861,346110,727130,221100,251570,366090
288020	764790,916730,838310,332200,200900,835430,230700,588650,350070,1018010,70300,318530
288040	251270,335670,483980,352810,537110,736570,206440,749840,327410,691450,337340,501300
288060	567640,424840,362680,683320,413410,555950,483980,304430,413420,752590,842910,388880
288100	460810,378540,637090,6510,283680,209540,704270,43000,410320,342200,278930,380990
288120	262060,646570,956450,650940,905490,333300,527230,698640,561740,207430,772090,891370
288140	431240,695290,571740,869060,489600,554510,643590,269730,772480,485670,572160,725960
288160	425580,950360,541570,532110,284850,244430,284770,94300,456750,284750,413410,867050
288220	310080,337930,321290,317300,211340,461700,293920,622060,350550,291030,453340,337940
288260	246900,737800,244850,339600,32470,431240,261640,32440,17390,410900,204880,220200
288270	919280,347400,620040,415140,368470,650090,520210,253050,315240,1080890,1111020,325180
288370	209540,871310,234160,396750,283680,212070,392160,246700,283160,344740,275850,982700
288420	629520,919280,883140,665300,269470,837510,689790,906810,218760,657280,228180,690770
288470	204030,292030,22320,20920,382900,489830,219780,367500,239120,65540,20900,466300
288500	284770,855640,362680,522470,678970,699780,288160,615350,425580,259740,662190,458480
288610	276440,983380,625860,255710,296240,567800,342580,415830,491330,396800,360640,360650
288630	288160,425580,435400,532110,284770,855640,294650,495110,935580,284750,1020270,678970
288650	645630,284160,928600,244210,228380,378860,266410,675010,690790,750050,293760,646910
288670	288160,425580,435400,532110,284770,855640,294650,495110,935580,284750,1020270,678970
288710	613100,858810,230290,989690,265930,255710,413150,270880,508440,493340,921570,641320
288730	362930,270850,957050,823340,708940,11230,537340,461430,824280,286160,320300,824720
288750	319630,362680,336140,631570,623940,555220,370910,253110,336130,307580,232790,284770
288790	522470,288160,425580,435400,532110,284770,464340,855640,294650,495110,935580,284750
288830	522470,288160,425580,435400,532110,284770,464340,855640,495110,284750,454250,1020270
288840	288160,425580,435400,522470,532110,284770,855640,294650,495110,284750,1020270,678970
288860	312750,297000,239120,595520,288470,330390,435150,382900,637670,237550,560130,527230
288880	399810,391720,282140,242760,514900,418370,732690,505230,239140,250620,252330,521890
288930	413410,425580,541570,362680,332800,94300,402260,687260,350640,427660,567640,353560
288970	288160,425580,435400,522470,532110,284770,855640,294650,495110,284750,1020270,678970
289050	91600,774171,282800,546050,846470,960090,770390,3590,571310,523660,593960,1019920
289070	8930,779340,214950,4700,357310,392110,712100,4760,10500,34030,226840,289130
289090	508440,233720,641320,431240,327890,367450,448280,286160,246900,47890,265930,929010
289130	226840,8930,65980,226860,489630,289070,392110,205990,378720,232050,203630,833170
289180	1091500,22300,4500,292030,7670,238010,41700,377160,39140,8870,22380,288470
289200	699170,289130,226840,803600,527230,247000,606230,251150,268500,637090,276810,760060
289220	49520,238960,374320,582010,377160,219990,570940,22380,774241,475150,738540,637650
289240	281990,573100,339600,32470,459220,4570,204880,931280,386070,17480,375910,40100
289260	288160,425580,435400,522470,532110,284770,855640,294650,495110,284750,1020270,678970
289280	204100,460810,474960,12140,12150,63380,271590,460930,447040,287700,312660,6060
289300	919640,244450,394360,231430,572410,228200,25890,64000,236390,7830,73170,552990
289320	368360,346900,541570,790740,288160,283940,425580,532210,787480,234270,353560,574560
289340	255710,493340,648350,323190,492720,671440,872790,453090,233450,242920,451340,859580
289360	219990,640820,560130,774241,475150,228280,373420,311290,973760,291650,257350,372000
289380	39210,692850,49520,238960,306130,435150,292030,812140,374320,489830,413150,582010
289400	359320,252870,727130,275850,8500,220200,261640,464920,383840,6060,445220,480490
289420	38410,38400,4500,466300,41700,257350,253920,288470,292030,22300,237930,107100
289440	244160,459220,4570,24790,266840,221380,9450,4580,9350,24800,298030,232890
289460	271590,461430,645630,228380,378860,785260,252950,244210,320300,266410,362930,646910
289480	359320,727130,252870,8500,383840,445220,220200,464920,275850,392160,290300,419480
289500	268500,200510,65980,4920,528740,637090,312370,223830,7650,204530,65930,489630
289520	226840,289130,290340,63910,203350,3170,25900,397060,232050,378720,205990,251150
289580	42960,73170,394360,919640,316430,600280,231430,244450,572410,603850,228200,285480
289600	760060,552620,240760,38420,644930,268500,637090,365360,699170,253920,790820,226840
289620	245280,55150,204100,606280,6030,899440,460810,50130,243470,287700,524220,24980
289650	582160,368500,812140,48190,242050,201870,33230,311560,15100,241930,260210,403640
289690	35130,728880,204360,620,238460,750920,880940,785260,391220,258970,471550,416600
289760	785260,207140,323850,880940,252950,728880,212480,553310,448510,252110,291550,546050
289820	414660,326180,289840,289800,327920,1018010,541570,532790,252890,413410,288160,425580
289840	414660,326180,289800,541570,252890,413410,289820,288160,425580,353560,94300,362680
289890	394360,919640,38420,203770,268500,637090,760060,365360,644930,57740,699170,790820
289930	255710,493340,492720,872790,648350,323190,671440,239820,453090,205610,606800,591370
289950	645630,750050,787860,530070,451340,446800,282560,313120,492720,493340,24010,382310
290000	618740,49600,207750,513510,259530,774171,531510,67000,322170,1005410,589670,620280
290020	845590,619150,871930,504210,300570,558990,621060,367450,726110,464350,220200,716490
290040	584400,916730,250760,838310,764790,343150,851100,504230,274190,251470,310700,460950
290060	240440,365450,300570,716490,370360,454950,246070,469920,593330,558990,684270,323380
290080	761890,327070,346110,333950,105600,496460,648800,211820,700030,440900,263540,311260
290180	508440,627690,774861,386940,601510,967050,751780,840800,329110,240720,394690,477160
290260	316610,796840,742340,943190,868230,207570,367450,727200,973250,766740,973220,568320
290280	261570,238460,683320,572890,206190,95400,835430,846470,291550,460950,314660,367520
290300	275850,359320,220200,392160,2820,8500,419480,314230,727130,464360,794270,236150
290320	322500,851100,474960,425210,319630,750920,391220,460950,600990,771710,617830,552590
290340	397060,247000,293260,276810,527230,369990,364470,640850,1046570,213850,236690,403120
290380	235800,774171,12900,621060,732690,477160,221680,62100,231040,851670,620980,641960
290440	268910,238960,632360,858210,557340,508440,620980,686810,105600,857980,242760,1051200
290460	850000,373770,432010,420530,335670,440540,1011940,278460,274310,885810,418190,559210
290470	630100,372000,215830,323370,844870,216150,212160,212200,537180,799960,237310,429790
290490	967050,342180,519860,939510,381210,239140,379720,594650,232090,555440,550,251570
290510	673060,732690,846470,574560,306760,995000,541570,526140,418370,953370,726830,1045080
290530	447040,939960,812140,243470,622770,752590,460930,863550,552520,750920,391220,289650
290650	342180,594650,41700,232090,550,221100,939510,251570,239140,500,4500,1250
290730	339600,386360,8500,47410,235340,799960,755800,389430,446150,238960,438040,206500
290770	237850,620,362680,257510,524220,406970,551770,227000,232790,541570,558420,400
290790	459220,386070,40100,507490,9420,281990,510500,339600,9350,204880,9450,32470
290810	844870,310950,285900,597170,564230,383980,995050,504370,337320,725480,418340,574980
290870	991810,322190,254960,346940,783590,577230,300550,809230,804730,369990,894630,218090
290890	329110,227580,234330,646570,247080,12500,606150,340360,588650,78000,339800,654300
290970	762650,233450,233860,255710,535930,464920,648350,671440,466560,323190,492720,453090
290990	459820,333600,310080,951000,635940,602520,699080,340730,326480,654880,430960,945590
291010	242760,418370,239140,732690,399810,480490,287390,286690,238320,505230,282140,414700
291030	310080,359390,622060,589860,317300,453340,337930,321290,211340,350550,461700,913500
291050	333390,293920,257970,301380,211340,453340,524200,317300,359390,990050,310080,461700
291070	557340,291550,460950,367520,268910,504230,588650,851100,250760,261570,1061090,697550
291130	692850,851100,1016960,400910,428550,542050,253840,345820,248310,203510,842910,277890
291150	339600,570,302670,47410,281990,755800,558100,8500,206500,672680,784950,459220
291170	3590,960090,523660,489520,570,816340,644930,236110,306020,444640,458710,246420
291190	699170,760060,546430,636320,262060,268500,485460,590380,637090,276810,341150,365360
291250	359320,220200,8500,275850,383120,244850,314650,17390,211820,383840,445220,230290
291270	732690,621060,846470,813630,322500,641320,620,210970,622650,418370,521890,400
291290	541570,274520,967050,242760,593960,240720,732690,440880,11340,597760,342180,414340
291330	553310,674940,94400,291550,261180,976310,804490,394310,678950,817130,535520,310950
291370	246620,366090,616560,644930,939510,239840,594650,221100,108600,251570,513710,685340
291390	500260,416680,322210,342180,939510,211400,346120,264730,233190,239140,883710,311210
291410	575720,586030,609940,705220,685420,648430,601510,453480,553210,590380,364470,556820
291430	732690,238460,846470,329110,621060,477160,261570,572890,95400,295790,848350,386940
291450	335620,226860,392110,544610,8500,727130,804850,271260,65980,268500,637090,371200
291480	218230,444090,550650,730,552990,755790,227940,440,393380,342200,10180,273110
291550	674940,209120,495910,383980,678950,251470,310950,222940,237110,242700,520440,725480
291610	557340,253230,291550,460950,367520,268910,504230,588650,851100,683320,250760,261570
291630	288160,425580,435400,522470,532110,284770,855640,294650,495110,284750,1020270,678970
291640	288160,425580,435400,522470,532110,284770,855640,294650,495110,284750,1020270,678970
291650	560130,228280,640820,257350,321800,362960,466300,373420,335120,311290,272270,617480
291710	541570,413410,362680,425580,94300,350640,332800,744190,532110,319510,402260,388880
291750	413410,541570,558420,362680,555220,505230,253110,909080,364390,567640,427660,413420
291770	362680,413410,541570,425580,353560,94300,558420,555220,319510,350640,505230,253110
291840	307670,435150,268500,921570,637090,262060,646570,601510,760060,365360,699170,790820
291860	435150,49520,373420,327030,597220,742120,282900,351710,332570,728880,32440,880940
291910	242760,284160,269950,314160,393380,704850,646910,359320,530070,460920,625340,270880
291930	255710,493340,648350,323190,492720,872790,671440,453090,233450,859580,242920,451340
291960	837610,589360,819020,409890,618710,538680,238750,541450,566540,262060,251730,646570
292030	20920,20900,204030,288470,973760,489830,379430,374320,367500,65540,1091500,306130
292060	311210,704270,548570,6060,261640,379720,548430,782330,8980,218230,8870,436320
292090	621060,732690,477160,848350,329110,3590,234330,367450,546050,238460,846470,339800
292120	359870,429660,292140,524220,595520,251290,637650,345350,382900,251150,742120,39140
292140	429660,359870,613830,292120,595520,637650,345350,524220,738540,589360,251150,742120
292160	268500,200510,65980,7660,7760,223830,7650,38420,237950,312370,590380,637090
292180	314160,223750,269950,397340,434030,433530,307960,15320,646910,675170,270880,347170
292200	440650,293760,314650,503560,774541,290260,230290,621060,218680,220200,453750,367450
