1055780	332570,728880,32440,880940,405310,285900,32510,204360,21130,647830,341800,207140,312530,323850,245490,383980,848230,674940,695970,437920,291550,829660,859640,295790,35130,813630,95400,424840,544330,726830,224460,732690,460950,400910,428550,835430,851100,838310,250760,312520,248310,261570,588650,564150,391540,335670,548570,583470,929010,1061090,512900,597170,751780,900270,1035850,941480,521890,507010,657200,688130,817510,388090,268050,416590,354140,217200,242550,620,42910,534550,253840,790360,1029770,203510,620220,535480,282530,252030,261640,8980,1085660,440,324800,729040,460930,107410,939960,218230,4000,298110,360830,780500,481510,35000,329440,731490,433340,71340,426790,1064840,452540,616560,636480,1104200,641320,448280,346010,284160,494840,228380,450540,535930,255710,493340,453090,220200,405710,413150,621060,24010,613100,703080
1055830	874240,212160,99900,414530,844870,323370,495910,761890,808290,630100,216150,537180,311690,248820,512900,696850,578080,677120,445980,711810,307110,55230,311800,21690,853770,687340,711540,760810,548570,673130,519860,555160,681390,564310,204100,782330,616560,636480,1104200,641320,448280,4000,346010,284160,494840,228380,450540,535930,236390,736220,489940,447820,35450,674020,476600,424030,91330,244450,919640,251950,885000,356400,1012310,810500,641960,636450,531510,1048300,607260,247080,379420,322170,211820,751780,382310,361420,440900,385380,383120,648800,322330,251570,304050,346110,848450,239140,815370,264710,305620,313120,252490,442780,595140,268130,612880,574090,529970,297120,266110,379720,253230,49520,368360,213670,469610,488790,233720,657200,620,927380,638970,383840,359320,738520,392160,252870,314650,261640,594650,232090,552520,8980,550,500,298110,704270,49540
1055850	554620,474960,412830,237850,388880,825630,819030,292030,973760,477740,330830,1029890,773090,253110,532110,94300,1036700,424840,555220,395170,402260,567640,239030,866190,599750,413150,475550,569860,929010,599140,454950,298630,491950,680980,761620,263140,937170,658850,227000,336130,336140,589780,631570,335670,274290,792040,352520,646270,282070,323190,233860,760060,305620,591000,427730,588430,693960,363930,842150,462930,363970,627690,506140,402840,603940,610080,625860,777130,694130,675260,324160,287630,498240,505230,413410,413420,406550,311240,368370,358090,653530,476650,310360,391720,304430,332800,425580,244430,512790,874240,212160,99900,414530,844870,323370,495910,761890,808290,630100,216150,537180
1055870	253230,49520,508440,368360,213670,488790,233720,657200,620,927380,638970,578620,555160,555880,611660,620980,418370,496240,722180,676840,768550,877200,239140,550,232090,594650,383150,1250,251570,939510,671510,500,221100,732690,436320,282140,296710,752590,514830,287390,552520,286690,636720,939960,859640,504230,295790,35130,813630,95400,424840,544330,726830,224460,448280,304530,564310,246900,501590,518920,842140,489830,22330,367500,22320,306130,219780,39210,206480,586950,102500,403640,582010,322500,341800,306760,526140,270130,223750,314160,397340,434030,307960,433530,862390,646910,244210,645630,347170,585420,275850,252870,398170,8500,220200,392160,314650,290300,383840,383120,314230,2820,967050,577690,416590,708580,617160,328590
1055890	265890,905350,1012830,684170,1008680,781660,1029920,234330,47890,249870,477160,493340,848350,647830,433340,32510,17390,21130,749270,218410,246420,397160,651060,306020,502200,444640,340460,525620,297020,304410,287980,266010,738860,682230,908510,26900,897330,662200,578430,558990,300570,92800,716490,261570,504210,370360,375820,814540,943190,785890,654580,949790,871930,485970,365450,674940,546050,285900,728880,386940,880940,448510,829660,323850,331670,312530,796900,686550,851710,693880,860340,706320,884440,861720,861740,884390,710120,658430,893050,938840,910200,910250,403120,470220,108200,598810,247000,663390,279480,595930,965210,655020,656590,346010,220200,621060,4000,638000,387990,244850,746560,684410,268650
1055930	874240,212160,99900,414530,844870,323370,495910,761890,808290,630100,216150,537180,382310,361420,440900,385380,383120,648800,322330,251570,304050,346110,294100,413150,455980,876650,356040,366090,253250,1055090,588430,108600,427520,578620,555160,555880,611660,342180,620980,418370,496240,722180,676840,768550,877200,244850,275850,109600,386360,9900,8500,666860,39120,206480,212500,840010,580200,242760,599140,527430,356190,992640,219990,774241,552500,475150,424370,939520,215530,937530,402840,363970,506140,346900,438040,564710,777130,610080,547680,842150,462930,1017100,372000,306130,582660,560380,268420,215830,230330,851100,253840,790360,838310,1029770,400910,428550,203510,620220,535480,282530,252030
1055940	212680,214490,857980,366910,457140,480490,300570,275850,268130,334420,313630,294100,418370,505230,238320,319510,287390,332800,286690,506610,388090,548430,594650,41070,251570,415590,47780,939510,10680,49540,4920,848450,239140,264710,305620,383120,313120,346110,648800,361420,252490,354140,489360,57300,414700,617160,322330,602960,381210,108600,774861,438740,466240,509980,701160,550,232090,383150,1250,671510,500,221100,274520,219740,751780,270270,105600,399810,871420,22180,262060,619280,304650,366870,329200,252630,22120,21690,521890,287290,301640,252330,4500,324080,513710,382310,387990
1055950	262060,973760,364470,304650,958740,596970,501320,286160,247000,456670,329110,654880,391540,642090,921570,743450,520600,611790,937170,324160,616250,910630,510420,379430,774201,339350,532210,875400,381780,554620,584980,568610,287630,742520,474750,233860,489830,251990,929010,611670,727130,621220,799960,310060,22330,238960,751780,105600,629730,211820,200210,666140,899770,627690,839940,476490,868780,640210,492370,726230,416640,742150,226740,1048090,299540,715440,557700,646570,311690,606150,1037750,247080,249630,343100,632360,415030,677120,250680
1055960	874240,212160,99900,414530,844870,323370,495910,761890,808290,630100,216150,537180,311690,248820,512900,696850,578080,677120,445980,711810,307110,55230,311800,21690,666140,599140,840010,1077890,580200,405710,105600,751780,715050,211820,673950,1097210,853770,687340,711540,760810,548570,673130,519860,555160,681390,564310,204100,782330,616560,636480,1104200,641320,448280,4000,346010,284160,494840,228380,450540,535930,360830,780500,481510,544330,35000,329440,731490,433340,71340,426790,1064840,452540,621060,493340,948880,255710,577670,451340,1021110,530070,1080020,24010,495560,236390,736220,489940,447820,35450,674020,476600,424030,91330,244450,919640,251950,314650,230290,244030,17390,244850,464920,72200,514670,645630,293760,890520,419480,885000,356400,1012310,810500,641960,636450,531510,1048300,607260,247080,379420,322170,233860,457140,1055090,427520,455980,403190,366090,361420,588430,900010,251570,648800,382310,346110,252490,239140,526160,383120
1055970	453090,233450,446800,774351,648350,24780,860890,242920,1083300,57690,375910,616560,636480,1104200,641320,448280,4000,346010,284160,494840,228380,450540,613100,451340,621060,294100,645630,233860,703080,391540,790820,420530,282900,251150,294860,785740,351710,47810,599140,838410,282800,247000,718670,290340,518060,403120,334230,293260,397060,47890,784150,245620,39680,726110,809720,285310,591460,464920,375530,230650,770240,510630,326630,407120,862190,950100,263740,356370,438600,752520,794800,108200,598810,316010,337150,655020,213850,97330,323190,352720,762650,253250,877080,571740,485670,725960,772480,272890,394690,948200,1002650,923260,822900,785790,683660,496460,40960,403190
1055990	317820,997710,966660,1054550,262060,650940,924020,290340,397060,247000,780290,1038370,978520,920680,718670,449960,429620,857980,904380,546430,590380,282800,373420,435150,699170,489630,291860,606230,276810,760060,226840,329110,265000,474750,286160,337150
1056010	365960,737800,750050,675010,234630,493490,552100,585420,2990,6220,263760,12360,24740,605740,270880,393380,787860,310560,530070,421020,263280,957050,320300,1044980,451340,293760,289950,24010,397340,230290,805550,44350,211500,1027800,643810,331870,545040,1102500,1060180,227300,347000,1062960,468920,314650,757860,255220,515220,313120,387990
1056080	495110,284750,678970,657040,259740,558790,437420,369420,406870,284790,284710,399890,949800,532110,288160,425580,541570,867050,536780,563320,563330,563340,787480,575960,485690,284770,756500,762520,814030,788970,483420,284870,262000,809050,701970,685370,855640,435400,627690,491950,365450,454950,544390,240440,1510,464350,950700,650570,209370,496890,1063240,216150,389570,444640,291550,636040,471710,238960,200210,236110,99900,397900,238460,264200,468670,447290,489140,877040,716250,261180,323850,887170,1002800,564050,350910,465170,558490,38600,918670,820910,993780,1009700,886070,623180,755950,329110,351090,384190,619930
1056170	377860,8400,262260,724390,285440,233150,404540,1036490,618740,310790,268910,1066670,498380,460220,610410,855850,669830,359450,961420,410820,349710,493060,262830,99300,858210,723110,462100,1080330,217120,575450,728880,880940,704880,39800,261640,410320,471550,42910,204360,459830,291550,94200,312610,373610,250180,655910,389650,313400,407380,574160,416380,460810,314450,373620,464450,547360,381320,252310,338000,433950,278100,345860,778120,825110,620900,311690,585710,242680,838110,445980,840430,632360,438320,247080,608110,692110,390870,306700,906600,1007180
1056260	616560,636480,1104200,448280,4000,346010,284160,494840,228380,450540,535930,787860,24010,427100,645630,451340,447020,232010,252530,313160,285380,840010,580200,751780,233860,242760,383120,599140,105600,440900,648800,211820,530070,244210,646910,603940,921570,610080,606150,356040,298630,310060,641990,253230,813630,1044760,481510,881040,726830,360830,22330,548570,426790,255710,493340,453090,220200,405710,621060,703080,506140,564710,627690,346900,599460,1082720,1077890,715050,673950,1097210,948880,577670,1021110,1080020,495560,838410,470220,282800,247000,718670,290340,518060,403120,334230,293260,397060,1031120
1056280	413410,567640,413420,687260,250320,787480,406550,476650,287630,399810,732690,505230,320240,238320,22180,418370,414700,883710,332800,388090,622650,541570,1029890,773090,253110,532110,94300,1036700,395170,402260,477740,311240,639490,410890,412830,461810,304430,752590,308060,48000,391720,770390,383870,232430,624270,244910,512790,581370,343860,251110,606280,427290,750920,50300,368430,814380,570940,354140,319510,568090,489360,871720,370910,241260,653530,110800,336140,236930,80360,80330,774811,251850,303210,365160,861190,265690,214700,593960,364390,558420,356670,272060,282140,387860,391270,617160,514900,252330,250620
1056290	616560,636480,1104200,448280,4000,346010,284160,494840,228380,450540,535930,613100,255710,621060,493340,645630,451340,1031120,227300,895850,514310,513510,707300,322170,459820,736190,333600,925460,751440,885000,502800,388090,332800,506610,319510,354140,418370,489360,505230,57300,238320,414700,617160,727930,204360,291550,865980,323850,42910,394510,448510,238460,641990,331670,397460,434170,470220,610180,724350,535520,94400,725480,553310,680990,261180,836850,383980,555160,496240,686810,489940,342180,963930,674020,625340,555880,611660,393380,402840,363970,506140,346900,438040,564710,777130,610080,547680,842150,462930,1017100,202970,322330,632360,500,602960,105600,376210,427730,211820,334230,503350,701160,242920,464920,496460,233450,323190,40960,877080,860890,233860,403190,648350,477160,534550
1056310	645630,365960,737800,750050,284160,675010,234630,493490,485610,687850,703940,580820,785260,770240,903730,440,752170,207140,399820,570,552100,585420,2990,6220,263760,12360,24740,310560,421020,263280,957050,805550,44350,211500,1027800,643810,331870,545040,1102500,1060180,227300,347000,1062960,468920,314650,757860,255220,515220,212480,732810,573070,648050,696150,400020,396900,203680,362930,460920,410340
1056320	2990,244210,6220,737800,645630,263760,12360,675010,24740,750050,493490,397340,230290,263280,517630,557340,578620,671620,337320,555160,550010,665370,300380,605740,270880,393380,516750,787860,690790,530070,477770,55140,220160,256370,252950,460920,756700,212480,785260,668430,332310,386180,244850,346010,333950,387990,573090,421020,378860,266410,805550,365960,774171,620980,221680,351990,885000,641960,247080,235800,513510,531510,205190,356400,629730,877200,400020,627690,465780,727130,846110,745010,494430,471710,362490,233610,517710,790020,648050,547360,44350,779450,473770,621970,232910,957050,234630
1056340	2990,244210,6220,737800,645630,263760,12360,675010,24740,750050,493490,397340,230290,824720,263280,332310,386180,244850,346010,333950,387990,573090,690790,421020,378860,266410,365960,451340,313120,605740,530070,24010,406350,477770,759740,270880,393380,787860,255710,621060,868360,294100,606800,453090,493340,774351,860890,457140,460920,928600,255220,515220,234630,227300,305620,446020,234140,275850,242760,377160,314650
1056370	874240,212160,99900,414530,844870,323370,495910,761890,808290,630100,216150,537180,311690,248820,512900,696850,578080,677120,445980,711810,307110,55230,311800,21690,666140,599140,840010,1077890,580200,405710,105600,751780,715050,211820,673950,1097210,853770,687340,711540,760810,548570,673130,519860,555160,681390,564310,204100,782330,616560,636480,1104200,641320,448280,4000,346010,284160,494840,228380,450540,535930,360830,780500,481510,544330,35000,329440,731490,433340,71340,426790,1064840,452540,621060,493340,948880,255710,577670,451340,1021110,530070,1080020,24010,495560,236390,736220,489940,447820,35450,674020,476600,424030,91330,244450,919640,251950,314650,230290,244030,17390,244850,464920,72200,514670,645630,293760,890520,419480,885000,356400,1012310,810500,641960,636450,531510,1048300,607260,247080,379420,322170,233860,457140,1055090,427520,455980,403190,366090,361420,588430,900010,251570,648800,382310,346110,252490,239140,526160,383120
1056420	790820,837610,571530,774511,460120,809890,524580,607890,819020,415480,567640,696170,511680,413410,413420,502800,644560,429660,595520,838380,477740,311240,377670,438130,658620,412830,819030,802890,410890,680320,686190,409850,751440,1003520,736190,387340,828070,326480,888790,923810,444140,822760,426000,777130,339800,511740,402180,951000,385800,668630,342380,397270,906300,752570,432100,347620,601510,489520,291410,591960,799960,364470,531640,536930,316010,381560,480650,762560
1056470	853770,687340,711540,760810,548570,673130,519860,555160,681390,564310,204100,782330,292730,232090,550,939510,500,594650,218230,239140,202970,291550,724350,285900,535520,94400,725480,553310,680990,261180,836850,728880,383980,236390,736220,489940,447820,35450,674020,424030,91330,244450,919640,251950,548430,442780,595140,268130,612880,574090,529970,297120,266110,379720,1250,2630,227940,291480,273110,418370,383150,251570,671510,221100,10180,418460,581320,730,423230,235460,504230,332200,588650,851100,764790,274170,219150,447530,589780,601150,337320,629730,976310,307780,1053830,237110,555880,312660,350080,2640,30,448280,613100,508440,255710,621060,493340,645630,284160,451340,1031120,450540,227300
1056480	453090,233450,446800,774351,648350,24780,860890,242920,1083300,57690,492720,375910,393380,33930,242860,418460,581320,736220,730,222880,223750,65780,460930,496240,226860,573410,392110,261470,65980,204880,40400,208140,298050,418250,236850,273070,8930,779340,214950,4700,357310,712100,4760,10500,34030,226840,289130,666140,599140,840010,1077890,580200,405710,105600,751780,715050,211820,673950,1097210,314980,919640,25890,672680,42960,231430,268400,244450,572410,228200,616560,636480,1104200,641320,448280,4000,346010,284160,494840,228380,450540,535930,227300,530070,787860,447020,427100,645630,252530,24010,244210,646910,232010,444200,307960,552990,35450,227940,251950,508300,25800,325610,859580,310470,621060,493340,948880,577670,451340,1021110,1080020,495560,489940,447820,674020,476600,424030,91330
1056490	874240,212160,99900,414530,844870,323370,495910,761890,808290,630100,216150,537180,751780,382310,361420,440900,385380,383120,648800,322330,251570,304050,346110,578620,555160,555880,611660,342180,620980,418370,496240,722180,676840,768550,877200,244850,275850,413150,109600,386360,9900,8500,666860,39120,206480,212500,356190,992640,219990,774241,552500,475150,424370,939520,215530,937530,250900,311690,531510,445980,646570,606150,753420,588650,293780,677120,628770,248820,402840,363970,506140,346900,438040,564710,777130,610080,547680,842150,462930,1017100,55150,15620,1042800,235540,200710,372000,306130,582660,560380,268420,215830,230330,851100,253840,790360,838310,1029770,400910,428550,203510,620220,535480,282530,252030,261640,8980,1085660,440,324800,729040,460930,107410,939960,218230,4000,298110
1056500	380600,798420,468920,703950,834280,429050,253710,314520,211500,518790,557780,1101140,440,230410,359320,291480,737800,236110,339610,601510,453480,489520,364470,544810,316010,762560,591960,257730,575720,748940,291410,218230,570,813820,394230,730,677620,550650,552990,323370,537180,212160,109600,206480,9900,372000,9880,304050,339600,200210,212070,227940,874240,99900,414530,844870,495910,761890,808290,630100,237310,215830,268420,504370,235340,207230,771060,331360,240320,433850,578080,893520,939510,884660,439700,788880,994200,823130,809960,625340,39210,560380,799960,550470,582660,324510,2820,755800,834910,17390,419480
1056520	611790,432100,654880,616620,508260,485040,459820,397270,602520,844660,490890,1044490,333600,461700,367120,326480,1058140,589860,511740,340730,867700,822930,644560,511680,345610,752570,537100,420110,616250,324160,385800,402180,668630,347620,560250,658620,990050,555950
1056580	874240,212160,99900,414530,844870,323370,495910,761890,808290,630100,216150,537180,465520,719730,329110,486460,990250,436160,1045850,591960,489520,531640,291410,364470,316010,799960,480650,536930,381560,609940,8500,9880,230410,339600,206480,24200,39120,386360,288160,425580,435400,346900,522470,909080,532110,284770,855640,762560,666860,212500,442080,550470,582660,402840,363970,506140,438040,564710,777130,610080,547680,842150,462930,1017100,464800,201230,105600,386180
1056590	874240,212160,99900,414530,844870,323370,495910,761890,808290,630100,216150,537180,616560,636480,1104200,641320,448280,4000,346010,284160,494840,228380,450540,535930,360830,780500,481510,544330,35000,329440,731490,433340,71340,426790,1064840,452540,251570,648800,382310,346110,252490,239140,361420,211820,427520,526160,383120,440900,385380,304050,848450,815370,264710,305620,313120,294100,413150,455980,876650,356040,49520,368360,213670,469610,488790,233720,657200,620,927380,638970,383840,359320,548430,738520,392160,252870,314650,366090,253250,1055090,588430,108600,332570,728880,32440,880940,405310,285900,32510,238460,204360,21130,647830,341800
1056650	666140,900270,597760,732690,480490,367520,322330,622650,731490,949990,360830,460950,1061090,363440,838310,764790,200900,34270,495050,595790,268910,851100,310700,400910,428550,277890,332200,835430,261570,848450,251570,239140,815370,264710,305620,383120,313120,346110,648800,361420,252490,105600,211820,294100,413150,385380,233860,455980,876650,356040,282070,257850,583470,834760,1008830,861210,71340,200940,227600,71113,703620,555610,312530,248310,588650,564150
1056660	453090,233450,446800,774351,648350,24780,860890,242920,1083300,57690,375910,666140,599140,840010,1077890,580200,405710,105600,715050,211820,673950,1097210,616560,636480,1104200,448280,4000,346010,284160,494840,228380,450540,535930,227300,530070,787860,447020,427100,645630,252530,24010,244210,646910,232010,621060,948880,577670,451340,1021110,1080020,495560,294100,233860,703080,385380,361420,346110,648800,455980,876650,356040,391540,790820,420530,282900,251150,294860,785740,351710,858810,47810,838410,470220,282800,247000,718670,290340,518060,403120,334230,293260,397060,47890,253230,813630,1044760,481510,881040,726830,360830,22330,548570,242760,426790,784150,245620,39680,1031120
1056690	885000,356400,1012310,810500,641960,636450,531510,1048300,607260,247080,379420,322170,690790,378860,645630,266410,365960,737800,750050,284160,675010,234630,493490,552100,585420,2990,6220,263760,12360,24740,619290,465650,402430,872790,658400,507080,414870,415200,880380,375530,394310,897410,485670,725960,772480,272890,394690,948200,1002650,923260,822900,785790,683660,598640,288140,869060,489600,554510,643590,269730,485610,687850,703940,580820,785260,770240,903730,440,752170,207140,399820,570,261180,678950,310950,520440,383980,307780,94400,976310,45760,389730,801630,365660,274250,566570,761010,971030,879740,908090,310560,253710,298110,552520,220240,376210,509980,386880,371660,582010,274940,785670,401190,460950,718590,916730,532190,274170,250760,504230,219150,584400,851100,356570,274190
1056700	385800,511740,326480,402180,342380,426000,340730,777130,654880,611790,433340,508440,560380,929010,641320,644570,511680,665180,407330,432100,575550,951000,668630,397270,602520,642090,313740,616620,508260,851890,771920,809840,444140,798590,387340,372000,809890,990050,353270,429660,607890,282900,626690,632350,774171,555950,886040,502800,469820,678190,383080,657580
1056710	444090,440,211500,230410,359320,291480,755790,737800,236110,841370,386360,570,577800,465780,385760,227940,238260,729580,431930,595960,228380,1059190,378860,571740,627690,468920,703950,834280,429050,314520,518790,557780,1101140,436150,236390,552990,455020,8500,444200,314000,506140,1024010,500360,856300,680170,645260,792050,552520,298110,220240,376210,509980,371660,386880,274940,223750,518060,886250,601510,453480,637650,620980,244930,852450
1056750	907210,892760,986020,985430,680320,644560,511680,686190,459820,409850,751440,1003520,736190,333600,387340,990050,809890,897440,937580,851100,924650,716710,931500,400910,882710,429660,1031480,845880,1019920,1045620,711990
1056850	882560,231310,715560,244430,257510,63660,258520,251110,770390,640260,555150,419460,399810,221910,365160,1029890,214700,409160,520720,219890,558450,233230,265690,334710,597700,232430,624270,244910,581370,343860,219680,662240,999830,813630,1054110,305620,402020,554810,505230,282140,732690,629220,418370,617160,332800,567640,313780,270880,787860,24010,427100,645630,451340,447020,232010,284160,252530,313160,285380
1056860	874240,212160,99900,414530,844870,323370,495910,761890,808290,630100,216150,537180,674940,209120,383980,678950,251470,310950,222940,237110,242700,520440,725480,304050,109600,9900,8500,666860,39120,206480,212500,453480,601510,748940,762560,444200,364470,705220,677620,813820,685420,504370,235340,771060,572520,394230,1025580,206500,402840,363970,506140,346900,438040,564710,777130,610080,547680,842150,462930,1017100,436180,218230,755790,224600,375230,767560,212070,447040,460930,113400,291480,22350,611020,550650,307960,223750,35450,244450,736220,227940,231430,686810,919640,251950,207230,331360,240320,390670,730,505460
1056960	8870,350080,9010,42670,782330,673130,393380,107410,418460,674020,222880,242860,730,496240,736220,447820,359550,291480,235540,774241,219990,629760,527430,232090,550,304390,238960,215530,324800,853770,1010750,1072150,519860,2280,2300,555160,955050,501590,440,41070,261640,41000,10090,10180,220,7670,2630,436320,342180,629730,681390,543390,759540,578620,990050,227940,489940,42700,312660,2640,30,611660,377160,9200,8980,939960,22380,304930,704270,4500,292730,939510,500,594650,218230,239140,202970,548430,442780,595140,268130,574090,529970,297120,266110,379720,368070,848500,444090,755790,253710,728740,922320
1056970	620980,496240,722180,676840,768550,877200,686810,674020,489940,581320,548570,618500,450540,239140,550,232090,594650,383150,1250,251570,939510,671510,500,221100,883710,732690,414700,505230,381210,601430,238320,268050,337320,976310,307780,1053830,237110,853770,377160,4500,41700,9200,8980,20510,939960,22380,304930,782330,436320,562860,681390,543390,759540,990050,201810,8870,350080,1056960,476600,9010,311210,42670,857980,673130,519860,1010750,501590,440,41070,261640,324800,41000,10090
1057030	262830,1024690,39800,306700,676930,272620,274500,460950,428750,995450,423230,235460,1056960,404540,654050,237930,471010,304930,291480,232090,273110,550,594650,555570,500,433850,311210,355840,533780,459830,674750,394510,945460,239140,251570,671510,585710,311690,838110,242680,632360,878420,268130,405000,542660,840430,677120,219150,673130,519860,379720,442780,853770,394970,557340,980300,865630,381210,581320,444090,686810,555440,527430,418370,383150,1250,939510,221100,602960,848430,893180,838380,990050,992300,502280,599960,550840,523650,487720,915460,883710,243800,476600,301640,217120,891130,640970,449450,655370,221640,778120,107600
1057040	874240,212160,99900,414530,844870,323370,495910,761890,808290,630100,216150,537180,751780,382310,361420,440900,385380,383120,648800,322330,251570,304050,346110,578620,555160,555880,611660,342180,620980,418370,496240,722180,676840,768550,877200,244850,275850,413150,109600,386360,9900,8500,666860,39120,206480,212500,372000,582660,560380,268420,215830,230330,851100,253840,790360,838310,1029770,400910,428550,203510,620220,535480,282530,252030,261640,8980,1085660,440,324800,729040,460930,107410,939960,218230,4000,298110,429790,212200,20920,20900,204030,288470,973760,489830,379430,374320,367500,65540,1091500,527430,356190,992640,219990,774241,552500,475150,424370,939520,215530,937530,582160,368500,289650,242050,48190,201870,33230,311560,15100,403640,241930,814380
1057120	453090,233450,446800,774351,648350,24780,860890,242920,1083300,57690,375910,666140,599140,840010,1077890,580200,405710,105600,715050,211820,673950,1097210,616560,636480,1104200,448280,4000,346010,284160,494840,228380,450540,535930,227300,530070,787860,447020,427100,645630,252530,24010,244210,646910,232010,621060,948880,577670,451340,1021110,1080020,495560,294100,233860,703080,385380,361420,346110,648800,455980,876650,356040,391540,790820,420530,282900,251150,294860,785740,351710,858810,47810,838410,470220,282800,247000,718670,290340,518060,403120,334230,293260,397060,47890,253230,813630,1044760,481510,881040,726830,360830,22330,548570,242760,426790,784150,245620,39680,1031120
1057130	402840,363970,506140,346900,438040,564710,777130,610080,547680,842150,462930,1017100,380600,444090,440,211500,253710,230410,359320,291480,755790,737800,236110,591960,489520,531640,291410,364470,316010,799960,480650,536930,381560,609940,236390,307960,107410,393380,502500,433530,302670,269950,314160,347170,444200,418460,762560,234330,61700,12500,654300,227580,1045080,582500,850450,677160,312670,99910,341800,477160,466240,436320,238260,729580,431930,595960,228380,1059190,378860,571740,766570,436150,544810,384180,260430,244210,386180,266410,690790,565030,680170,732690,1051200,394120,448280,459820,555160,841370,386360,570,577800,465780,385760,227940
1057150	874240,212160,99900,414530,844870,323370,495910,761890,808290,630100,216150,537180,616560,636480,1104200,641320,448280,4000,346010,284160,494840,228380,450540,535930,751780,382310,361420,440900,385380,383120,648800,322330,251570,304050,346110,848450,239140,815370,264710,305620,313120,252490,253230,49520,368360,213670,469610,488790,233720,657200,620,927380,638970,383840,359320,548430,738520,392160,252870,314650,261570,535480,692850,916730,588650,332200,400630,283640,814680,727510,387290,851100,578620,555160,555880,611660,620980,418370,496240,722180,676840,768550,877200,244850,413150,109600,386360,9900,8500,666860,39120,206480,212500,550,232090,594650,383150,1250,939510,671510,500,221100,460950,400910,428550,835430,838310,250760,312520,248310,564150
1057180	733790,918820,475550,680980,491950,540180,227000,866190,388320,633060,346110,418030,361420,313120,252490,383120,251570,382310,105600,387990,427520,402710,228380,645630,552100,675010,244210,750050,585420,493490,397340,230290,824720,263280,242760,264710,275850,848450,371660,815370,219740,738520,751780,593600,719890,518790,321360,587450,613270,401190,215470,253710,293520,299740,355840,513710,939510,594650,239140,555570,108600,351290,247730,433850,755790,578080,393420,813820,555440,451340,690790,605740,530070,24010,658850,501320,205100,447530,304430,602960,307110,330580,490920,48110,541210,537800,311310,686810,1021100,294100,573090,803980,457140,750920,391220,794260,752590,367500,292030,374320,489830,582010,253230,606280
1057190	616560,636480,1104200,641320,448280,4000,346010,284160,494840,228380,450540,838410,470220,282800,247000,718670,290340,518060,403120,334230,293260,397060,47890,453090,726110,493340,809720,285310,57690,621060,492720,591460,703080,464920,323190,242920,233860,352720,762650,648350,253250,877080,571740,485670,725960,772480,272890,394690,948200,1002650,923260,822900,785790,683660,402840,363970,506140,346900,438040,564710,777130,610080,547680,842150,462930,1017100,202970,322330,632360,500,602960,105600,376210,427730,211820,503350,701160,610180,397460,331670,442070,880940,728880,351510,32440,477160,285900,405310,727930,496460,233450,40960,860890,403190,446800,774351,24780,1083300,375910,758190,599140,413150,751780,603940,921570,606150,356040,298630,310060,641990,919640,872790,8930,503560,871930,244160,239820,686200
1057220	650090,1080890,1111020,520210,347400,368470,325180,585410,266310,363890,220700,251810,857350,408930,369190,329890,685300,1102420,431960,736280,1091220,891420,547120,679560,892030,944770,973590,441850,415140,601890,257650
1057310	578620,555160,620980,496240,768550,877200,239140,550,232090,594650,383150,1250,251570,939510,671510,500,221100,883710,732690,414700,505230,381210,601430,238320,268050,825500,681390,467660,301640,236390,736220,489940,447820,35450,674020,476600,424030,91330,244450,919640,251950,477740,529500,487720,597760,438740,494840,490920,307110,648800,322330,429050,313120,383120,548430,632360,457140,427730,508440,346010,636480,304390,863550,311260,648350,284160,466560,773951,620590,664090,436320,562860,543390,759540,853770,990050,377160,4500,41700,9200,8980,20510,939960,22380,304930,782330,704270
1057390	874240,212160,99900,414530,844870,323370,495910,761890,808290,630100,216150,537180,311690,248820,512900,696850,578080,677120,445980,711810,307110,55230,311800,21690,853770,687340,711540,760810,548570,673130,519860,555160,681390,564310,204100,782330,616560,636480,1104200,641320,448280,4000,346010,284160,494840,228380,450540,535930,236390,736220,489940,447820,35450,674020,476600,424030,91330,244450,919640,251950,885000,356400,1012310,810500,641960,636450,531510,1048300,607260,247080,379420,322170,211820,751780,382310,361420,440900,385380,383120,648800,322330,251570,304050,346110,848450,239140,815370,264710,305620,313120,252490,442780,595140,268130,612880,574090,529970,297120,266110,379720,253230,49520,368360,213670,469610,488790,233720,657200,620,927380,638970,383840,359320,738520,392160,252870,314650,261640,594650,232090,552520,8980,550,500,298110,704270,49540
1057420	291480,552990,704270,444090,637090,755790,410320,227940,436180,224600,375230,212070,447040,440,460930,113400,236390,307960,107410,393380,502500,433530,302670,269950,314160,347170,444200,418460,893520,813820,386180,214420,252490,999270,304050,8500,761890,293540,550650,730,570,386360,572520,339600,235340,558100,755800,273570,273580,379720,1058020,396750,753900,2280,6000,637410,2320,6060,292730,232090,42700,10090,476600,550,939510,500,594650,239140,202970,555160,877200,471710,564310,342180,496240,548430,578080,555880,21100,16450,681390,625340,261640,400940,394760,611500,504370,324810,2200,13230,519860,282440
1057430	851100,692850,400910,428550,620220,393520,838310,277890,502800,411830,544750,976310,311730,307780,511680,678950,389730,245170,310950,370460,429660,637650,589360,632350,345350,340170,524220,587260,579180,899440,738540,895850,514310,513510,707300,322170,459820,736190,333600,925460,751440,885000,567640,696170,413410,413420,644560,595520,504230,602520,420110,353270,790820,837610,571530,774511,453480,460120,524580,407330,607890,819020,415480,426000,533540,367120,889510,1003520,345610,326480,324160,385800,906300,668630,412830,342380,451760,658620,970570,377670,802890,477740,819030,698780,446390,387340,508190,527280,828070,791330,893010,907210,892760,665180,463350,596200,644570,680320,638720,711990
1057450	291480,218230,440,570,394230,730,677620,550650,386360,552990,323370,212160,582660,109600,550470,9900,237310,630100,442080,626690,39210,433850,578080,893520,939510,884660,439700,788880,994200,823130,809960,625340,402840,363970,506140,346900,438040,564710,777130,610080,547680,842150,462930,1017100,544920,766570,468920,834280,798420,703950,1101140,522230,429050,557780,1024010,314520,211500,601510,453480,489520,364470,544810,316010,762560,591960,257730,575720,748940,291410,201790,345330,65800,305260,444640,238960,799960,215080,536930,690510,372000,552700,216150,304930,221100,513710,329430,108600,355840,251570,239140,366090,555570,360170,113420,537180,212200,206480,9880,304050,879160,235340,849940,736780,6370,771060
1057460	666140,599140,840010,1077890,580200,405710,105600,715050,211820,673950,1097210,616560,636480,1104200,448280,4000,346010,284160,494840,228380,450540,493340,948880,255710,577670,451340,1021110,530070,1080020,24010,495560,294100,385380,361420,233860,346110,648800,455980,876650,356040,838410,470220,282800,247000,718670,290340,518060,403120,334230,293260,397060,47890,645630,1031120,227300,895850,514310,513510,707300,322170,459820,736190,333600,925460,751440,885000,502800,750050,293760,868360,320300,538810,332570,32440,880940,405310,285900,32510,238460,204360,21130,647830,341800,388090,332800,506610,319510,354140,418370,489360,505230,57300,238320,414700,617160,727930,291550,865980,323850,42910,394510,448510,674940,641990,453090,726110,809720,285310,57690,492720,591460,703080,464920
1057490	385800,511740,326480,402180,342380,426000,340730,777130,1003520,654880,611790,433340,508440,560380,929010,641320,668630,511680,397270,602520,951000,774171,555950,886040,333980,644570,665180,407330,432100,575550,642090,313740,851890,771920,809840,444140,798590,838380,311240,970570,502280,477740,658850,990050,411830,889510,387340,696170,311730,460790,446390,809890
1057500	479010,780100,983050,266310,979010,949500,703060,323910,223850,524390,205270,264020,236890,261920,229950,267130,919280,251810,837510,585410,347400,220700,368470,585620,650090,585610,220980,774721,754010,687870,517170,403040,431960,858900,767810,705160,502480,520210,513760,493430,598660,633490,506160,768100,684380,755540,622290,703480,1043250,505550,962640,865770
1057560	885000,356400,1012310,810500,641960,636450,531510,1048300,607260,247080,379420,322170,690790,378860,645630,266410,365960,737800,750050,284160,675010,234630,493490,552100,585420,2990,6220,263760,12360,24740,619290,465650,402430,872790,658400,507080,414870,415200,880380,375530,394310,897410,485670,725960,772480,272890,394690,948200,1002650,923260,822900,785790,683660,598640,288140,869060,489600,554510,643590,269730,485610,687850,703940,580820,785260,770240,903730,440,752170,207140,399820,570,261180,678950,310950,520440,383980,307780,94400,976310,45760,389730,801630,365660,274250,566570,761010,971030,879740,908090,310560,460950,718590,916730,532190,274170,250760,504230,219150,584400,851100,356570,274190,253710,298110,552520,220240,376210,509980,386880,371660,582010,274940,785670,401190
1057570	621060,451340,648350,352720,457140,787860,24010,427100,645630,447020,232010,284160,252530,313160,285380,253230,813630,1044760,481510,881040,726830,360830,22330,548570,426790,848450,251570,239140,815370,264710,305620,383120,313120,346110,648800,361420,252490,518790,378860,244210,234630,271590,690790,306130,269950,468920,314160,211500,530070,646910,448280,613100,508440,255710,493340,1031120,450540,48700,292030,629760,48720,752590,201870,812140,15100,489830,505230,978700,582160
1057580	270880,379430,648350,352720,457140,253230,813630,1044760,481510,881040,726830,360830,22330,548570,426790,787860,24010,427100,645630,447020,232010,284160,252530,313160,285380,448280,613100,508440,255710,493340,1031120,450540,750050,293760,868360,320300,538810,848450,251570,239140,815370,264710,305620,383120,313120,346110,648800,361420,252490,666140,446800,516750,244210,518790,378860,234630,271590,690790,306130,269950,468920,314160,211500
1057590	270880,379430,648350,352720,457140,253230,813630,1044760,481510,881040,726830,360830,22330,548570,426790,787860,24010,427100,645630,447020,232010,284160,252530,313160,285380,848450,251570,239140,815370,264710,305620,383120,313120,346110,648800,361420,252490,448280,613100,508440,255710,493340,1031120,450540,750050,293760,868360,320300,538810,666140,446800,516750,244210,518790,378860,234630,271590,690790,306130,269950,468920,314160,211500
1057600	948880,1021110,530070,1080020,24010,495560,448280,508440,284160,1031120,450540,293760,320300,538810,648350,294100,453090,492720,233860,703080,774351,244210,1044980,675010,516750,787860,289950,666140,446800,447020,4000,313160,233450,24780,860890,242920,1083300,57690,375910,591370,877080,672630,427100,232010,252530,285380,552100,244850,228380,585420,646910
1057610	648350,352720,457140,253230,813630,1044760,481510,881040,726830,360830,22330,548570,426790,270880,379430,848450,251570,239140,815370,264710,305620,383120,313120,346110,648800,361420,252490,787860,24010,427100,645630,447020,232010,284160,252530,313160,285380,448280,613100,508440,255710,493340,1031120,450540,750050,293760,868360,320300,538810,666140,446800,516750,244210,518790,378860,234630,271590,690790,306130,269950,468920,314160,211500
1057640	750920,391220,794260,752590,367500,292030,374320,489830,361420,582010,253230,606280,578620,555160,555880,611660,342180,620980,418370,496240,722180,676840,768550,877200,562860,1056960,686810,1072150,548570,674020,857980,853770,939960,612880,393420,251570,386180,648800,299740,440900,383120,105600,418030,382310,387990,593600,719890,518790,321360,587450,613270,401190,215470,253710,293520,527430,356190,238960,992640,219990,774241,552500,475150,424370,939520,215530,937530,366220,1059900,402710,327090,313120,755790,513710,578080,939510,813820,555440,433850,355840,402840,363970,506140,346900,438040,564710,777130,610080,547680,842150,462930,1017100,202970,322330,632360,500,602960,427730,211820,334230,503350,701160,944920,365450,22330,306130,403640,611670,22320,22380,377160,594650,239140,555570,108600,351290,247730
1057680	333600,822760,602520,420110,951000,537100,668630,385800,342380,402180,485040,397270,251870,340730,426000,777130,736190,339800,751440,511740,644560,790820,837610,571530,774511,453480,460120,809890,524580,407330,607890,819020,415480,833040,512060,642090,678190,421700,461700,960590,317300,398100,635940,616250,324160,937170,752570,589860,432100,511680,611790,616620,508260,970570,658620,412830,477740,311240,345610,857450,787480
1057690	978520,905490,646570,362490,264160,718670,783190,527230,373420,566090,245450,318970,365360,552620,307670,489630,954650,485460,325790,590380,544610,636320,838990,364200,291410,1097530,219990,1016730,247080,359870,335300,367520,857980,994220,919370,772090,548370,930780,259680,803600,351480,529160,470310,291190,887370,249650,341150,951260,431700,815290,311290,560130,228280,321800,1106660,362960,291650,704450,640820,742120,594570,364360,673880,200510,1001040
1057700	227940,339600,905370,552990,444200,218230,47410,389430,342200,672680,418460,736220,633460,242860,919640,589290,674020,447820,393380,244450,496240,677620,555160,2200,504370,519860,489940,338170,604240,853770,578080,328070,307960,223750,35450,231430,251950,476600,91330,219640,304390,944250,1066740,578620,17570,349510,324800,344760,680330,1000480,404590,1019250,512560,531640,601510,804730,489520,453480,364470,329110,582160,368500,289650,242050,48190,201870,33230,311560,15100,403640,241930,814380,555880,611660,342180,620980,418370,722180,676840,768550,877200,755790,813820,939510,433850,819500,823130,893520,843380,544920,625340,252490,402840,363970,506140,346900,438040,564710,777130,610080,547680,842150,462930,1017100,291480,440,570,394230,730,550650,386360
1057710	253230,544330,322170,504230,481510,731490,584400,637100,489110,341800,448280,433340,471710,469610,629730,698790,751440,641320,269950,359320,880940,727930,204360,291550,865980,323850,42910,394510,674940,238460,641990,268910,397950,1083550,240720,386940,508440,421880,717780,860380,437920,525620,932790,780500,71340,329440,426790,396710,411960,849210,367520,851100,261570,32430,701380,391540,443650,895850,317320,1061090,916730,250760,764790,460950,34270,251470,621060,613100,413150,683320,435400,431240,493340,853550,829660,546050,787480,3830,493540,207690,22000,846800,471810,996160,797410,652360,32440,867980,749270,218410,246420,397160,651060,306020,502200,444640,340460,297020
1057720	388090,319510,489360,505230,57300,238320,414700,883710,342180,239140,232090,550,381210,601430,268050,1029890,282140,629220,244910,567640,313780,320240,242760,568090,871720,521890,258520,747360,425580,22180,366870,523650,937960,413420,264710,480490,815370,848450
1057740	307960,223750,35450,244450,736220,231430,686810,919640,251950,570,504370,235340,813820,207230,394230,771060,331360,109600,677620,240320,291480,390670,218230,730,550650,505460,440,755790,9900,359320,761890,212070,582660,324510,2820,755800,834910,17390,419480,47410,48700,508440,304390,346110,235380,562010,1019250,443110,298240,214420,230410,386070,342200,600750,841370,380600,211500,577800,471710,465780,385760,253710,489940,10090,447820,476600,39210,306130,206480,39120,268420,808290,238960,536930,372000,323370,410380,601510,453480,489520,364470,544810,316010,762560,591960,257730,575720,748940,291410
1057770	616560,636480,1104200,641320,448280,4000,346010,284160,494840,228380,450540,535930,402840,363970,506140,346900,438040,564710,777130,610080,547680,842150,462930,1017100,202970,322330,632360,500,602960,105600,376210,427730,211820,334230,503350,701160,207140,312530,323850,245490,728880,383980,848230,674940,695970,437920,291550,829660,453480,591960,489520,531640,291410,364470,316010,799960,480650,536930,381560,609940,381210,239140,438740,509980,466240,251570,383150,21690,521890,287290,301640,47780,294100,413150,385380,361420,233860,346110,648800,455980,876650,356040,656240,427520,1048950,366090,559340,834910,513710,221100,593600,625340,234330,61700,12500,654300,227580,1035850,941480,732690,507010,657200,688130,817510,388090,268050,416590,354140,,332570,32440,880940,405310,285900,32510,238460,204360,21130,647830,341800
1057780	311690,677120,445980,248820,247080,269210,632360,711810,323220,371970,585710,606150,391540,312520,335670,548570,851100,583470,929010,1061090,597170,751780,900270,578620,555160,555880,611660,342180,620980,418370,496240,722180,676840,768550,877200,105600,211820,457140,900010,648800,233860,413150,294100,385380,440900,361420,251570,366090,374040,719890,518790,321360,587450,613270,401190,215470,253710,293520,382310,393420,386180,299740,383120,418030,387990,527430,356190,238960,992640,219990,774241,552500,475150,424370,939520,215530,937530,366220,1059900,402710,327090,313120,755790,221100,513710,578080,939510,813820,555440,433850,355840,402840,363970,506140,346900,438040,564710,777130,610080,547680,842150,462930,1017100,202970,322330,500,602960,427730,334230,503350,701160
1057850	782330,214870,208200,2280,39530,9050,311210,232090,2320,2200,548570,811270,397950,298600,262390,406150,506900,511250,280180,677620,555160,504370,489940,338170,604240,674020,853770,578080,328070,299740,594650,239140,221100,355840,550,433850,251570,755790,342180,500,218230,444090,291480,227940,767560,550650,440,273110,591740,342200,403640,228300,368500,812550,8870,428370,238320,239160,382560,500260,567320,1081650,386940,544310,687340,711540,760810,681390,564310,204100,2210,1010750,13210,442780,466240,304930,253710,262410,322500,22350,1072150,552500
1057890	616560,636480,1104200,641320,448280,4000,346010,284160,494840,228380,450540,535930,105600,211820,294100,413150,385380,361420,233860,346110,648800,455980,876650,356040,332570,728880,32440,880940,405310,285900,32510,238460,204360,21130,647830,341800,787860,24010,427100,645630,451340,447020,232010,252530,313160,285380,840010,580200,242760,383120,599140,440900,402840,363970,506140,346900,438040,564710,777130,610080,547680,842150,462930,1017100,202970,322330,632360,500,602960,376210,427730,334230,503350,701160,758190,603940,921570,606150,298630,310060,641990,530070,244210,646910,207140,312530,323850,245490,383980,848230,674940,695970,437920,291550,829660,381210,239140,438740,509980,466240,251570,383150,21690,521890,287290,301640,47780,253230,813630,1044760,481510,881040,726830,360830,22330,548570,426790
1057980	418190,559210,429660,1045620,351640,368340,359870,538680,420530,552700,282900,372000,306130,323370,582660,212500,206480,560380,109600,630100,268420,215830,230330,686190,407330,511680,644560,387340,638160,791330,460120,893010,907210,892760,950890,1011940,382900,277470,440540,278530,645730,332380,742120,613830,256460,432350,391260,495280,372360,351970,637670,345350,525480,292140,809890,595520,1015800,1013870,985400,986020,893020,887530,985430,340170,582010,524220,251150,568830,256290,251290,638970,834530,812140,454650,816020,790820,288470,814380,377840,536930,39140
1057990	440,211500,253710,230410,359320,291480,755790,737800,236110,238260,729580,431930,595960,228380,1059190,378860,841370,386360,570,577800,465780,385760,227940,468920,834280,798420,703950,1101140,522230,429050,557780,1024010,314520,402840,363970,506140,346900,438040,564710,777130,610080,547680,842150,462930,1017100,518790,248570,844870,285900,337320,578620,674940,995050,1016690,564230,346010,885000,356400,1012310,810500,641960,636450,531510,1048300,607260,247080,379420,322170,485670,725960,772480,272890,394690,948200,1002650,923260,822900,785790,683660,598640,218230,813820,394230,730,677620,550650,552990,485610,687850,703940,872790,770240,400570,950100,611500
1058000	426000,777130,333600,736190,339800,751440,511740,644560,402180,951000,385800,326480,881560,410890,970400,303310,420110,413420,602520,423880,555210,383080,838380,453480,510660,658620,970570,555950,377670,802890,990050,477740,819030,754810,445800,1003520,888790,431540,752570,642090,537100,654880,616250,616620,508260,324160,421670,429940,485040,453340,310080,291030,589860,502120,913500,317300,311680,945590,407330,342380,511680,802870,630100,837610,372000,460120,601510,571530,461700,333390,739980,977460,359390,356530,337930,211340
1058020	32440,460930,218230,379720,208580,32430,32500,281990,244160,204880,392110,339600,4700,2280,1010750,2300,2320,39140,257350,466300,288470,560130,361690,354430,355250,753900,1088600,230410,755790,9900,677620,261640,441550,4570,459220,17480,221380,24790
1058030	310700,900270,277890,200900,332200,835430,318530,588650,345820,718590,504230,368620,253840,620220,115800,203510,250660,302790,776490,460950,363440,584400,34270,495050,595790,367520,387290,481510,366320,683320,312520,400630,283640,613190,570940,485510,727510,408060,691280,265300,1045180,844850,240720,790360,1029770,535480,282530,252030,230700,350070,70300,1018010,290040
1058040	777130,751440,654880,611790,459820,433340,508440,560380,929010,339800,641320,413150,666140,840010,405710,599140,894940,673950,786580,233860,311260,751780,727130,648800,253250,493340,383120,294100,492720,881560,642090,520600,666020,571880,420980,825630,644560,333600,432100,511680,616620,508260,47890,606800,876650,580200,900010,921570,435150,373420,560130,346940,234650,362960,300550,640820,272270,538680,863570,426000,951000,317300,617970,340730,321060,1043200,391540,743450,937170,324160,616250,910630,510420,350550,337940,897930,293920,333390,796260,211340,584940,293680,502120,317280,310080,416000,214610,644570,461700,402180,407330,512060,342380,678190,421700
1058060	893010,893020,887530,985430,990050,809890,680320,686190,711990,644560,511680,459820,409850,751440,1003520,736190,333600,387340,897440,937580,851100,924650,716710,931500,400910,882710,429660,1031480,845880,1019920,1045620
1058110	848450,251570,239140,264710,305620,383120,313120,346110,648800,361420,252490,501320,736260,541570,460950,535230,504230,597760,698780,287980,261570,410890,4000,265210,261640,244850,387990,448280,620,324800,501590,286160,477160,324080,513710,382310,555440,381210,509980,967050,438740,594650,939510,503350,466240,299740,584400,692850,742300,200900,838310,34270,743890,916730,495050,363440,743900,250760,427730,611790,469610,285900,584890,537340,47890,508440,434170,555160,671620,416590,233720,49520,341800,521890,440,332800,732690,354140,388090,319510,568090,505230,489360,414700,57300,871720,238320,1051200,342180,629730,698790,726830,320240,418370,391720,252330,250620,573090,322330,285920
1058130	455980,294100,366090,253250,751780,648800,1055090,346110,588430,108600,427520,361420,373420,311290,560130,228280,321800,1106660,362960,291650,704450,359870,742120,402840,363970,506140,346900,438040,564710,777130,610080,547680,842150,462930,1017100,257350,466300,47810,500810,699170,489630,291860,606230,262060,546430,276810,226840,1016730,758190,599140,413150,603940,921570,606150,356040,298630,310060,641990,300550,346940,365360,590380,307670,249650,576770,8500,275850,464920,419480,236150,220200,794270,359320,445220,383840,392160,314650,453480,591960,489520,531640,291410,364470,316010,799960,480650,536930,381560,609940,8930,65980,226860,289070,392110,205990,378720,232050,203630,833170,552620,485460,325790,544610,17390,480490,281990,24720,383120,268500,204880,244850
1058140	451760,1044490,315810,844660,453340,881560,977460,490890,461700,367120,642090,589860,511740,340730,377690,345610,339800,751440,644570,665180,432100,736190,575550,385800,668630,342380,402180,602520,809890,502800,429660,411830,632350,524220,589360,387340,496810,637650,460120,282900,426000,777130,951000,420110,251870,680320,686190,409850,828070,611790,616620,508260
1058150	388090,332800,506610,319510,354140,418370,489360,505230,57300,238320,414700,617160,220200,230290,244030,275850,359320,751110,383840,392160,252870,290300,314230,72200,555160,496240,686810,450540,489940,342180,674020,625340,555880,611660,393380,341800,433340,448510,469610,629730,698790,751440,641320,269950,842140,657200,508440,4000,233720,284160,246900,543580,244850,261640,383120,8500,271260,281990,230410,361420,548430,859640,504230,253230,295790,35130,813630,95400,424840,544330,224460,578620,555440,967050,577690,416590,708580,1051200,400940,328590,771920,574140,774171,851890,809840,601510,767110,934990,918900,47890,380600,444090,440,211500,253710,291480,755790,737800,236110,339610
1058220	453090,233450,446800,774351,648350,24780,860890,242920,1083300,57690,375910,616560,636480,1104200,641320,448280,4000,346010,284160,494840,228380,450540,613100,451340,621060,294100,645630,233860,703080,391540,790820,420530,282900,251150,294860,785740,351710,47810,599140,838410,282800,247000,718670,290340,518060,403120,334230,293260,397060,47890,784150,245620,39680,591960,489520,531640,291410,364470,316010,799960,480650,536930,381560,609940,726110,809720,285310,591460,464920,762560,375530,230650,770240,510630,326630,407120,862190,950100,263740,356370,438600,752520,794800,108200,598810,337150,655020,213850,97330,323190,569480,352720,762650,253250,877080
1058280	874240,212160,99900,414530,844870,323370,495910,761890,808290,630100,216150,537180,311690,248820,512900,696850,578080,677120,445980,711810,307110,55230,311800,21690,853770,687340,711540,760810,548570,673130,519860,555160,681390,564310,204100,782330,616560,636480,1104200,641320,448280,4000,346010,284160,494840,228380,450540,535930,236390,736220,489940,447820,35450,674020,476600,424030,91330,244450,919640,251950,885000,356400,1012310,810500,641960,636450,531510,1048300,607260,247080,379420,322170,211820,751780,382310,361420,440900,385380,383120,648800,322330,251570,304050,346110,848450,239140,815370,264710,305620,313120,252490,442780,595140,268130,612880,574090,529970,297120,266110,379720,253230,49520,368360,213670,469610,488790,233720,657200,620,927380,638970,383840,359320,738520,392160,252870,314650,261640,594650,232090,552520,8980,550,500,298110,704270,49540
1058320	253840,790360,838310,1029770,400910,428550,203510,620220,535480,282530,252030,360830,780500,481510,544330,35000,329440,433340,71340,426790,1064840,452540,916730,588650,332200,400630,283640,814680,727510,387290,460950,835430,312520,248310,564150,429660,1045620,552700,632350,571530,990050,407330,353270,776490,214590,256290,224760,8870,204060,715560,237930,204240,228300,46500,6300,411960,996580,411970,363440,237630,227600,213610,71250,3830,355170,368620,277890,345820,393520,318530,366320,115800,764790,584400,200900,34270,495050,595790,240720,356650,207140,312530,323850,245490,728880,383980,848230,674940,695970,437920,291550,829660
1058330	485610,687850,703940,580820,785260,770240,903730,440,752170,207140,399820,570,885000,356400,1012310,810500,641960,636450,531510,1048300,607260,247080,379420,322170,284160,552100,585420,2990,244210,6220,645630,263760,12360,675010,24740,690790,266410,805550,365960,234630,255220,421020,515220,841370,386360,380600,211500,577800,471710,465780,385760,444090,253710,227940,518790,271590,306130,269950,270880,468920,314160,477770,55140,220160,256370,756700,212480,668430,44350,564230,385730,510510,664430,914180,665330,417910,976310,454650,667530,844870,1016690,261180,678950,310950,520440,383980,307780,94400,45760,389730,801630,824720,365660,274250,566570,761010,971030,879740,908090,431240,571740
1058350	895850,514310,513510,707300,322170,925460,751440,885000,502800,644560,385800,511740,326480,402180,342380,426000,340730,1003520,432100,616620,508260,644570,535490,678190,469820,601510,489520,291410,591960,799960,364470,531640,536930,316010,381560,480650,762560,777130,654880,433340,508440,560380,929010,641320,951000,668630,511680,397270,420110,906300,752570,398100,570840,485040,317300,39210,630100,626690,372000,840720,215830,607880,323370,268420,637650,555950,311240,970570,502280,477740,838380,658850,990050,389730,976310,816020,678950,310950,520440,307780,323470,222940,242700,383980,349040
1058400	874240,212160,99900,414530,844870,323370,495910,761890,808290,630100,216150,537180,311690,248820,512900,696850,578080,677120,445980,711810,307110,55230,311800,21690,666140,599140,840010,1077890,580200,405710,105600,751780,715050,211820,673950,1097210,853770,687340,711540,760810,548570,673130,519860,555160,681390,564310,204100,782330,616560,636480,1104200,641320,448280,4000,346010,284160,494840,228380,450540,535930,360830,780500,481510,544330,35000,329440,731490,433340,71340,426790,1064840,452540,621060,493340,948880,255710,577670,451340,1021110,530070,1080020,24010,495560,236390,736220,489940,447820,35450,674020,476600,424030,91330,244450,919640,251950,314650,230290,244030,17390,244850,464920,72200,514670,645630,293760,890520,419480,885000,356400,1012310,810500,641960,636450,531510,1048300,607260,247080,379420,322170,233860,457140,1055090,427520,455980,403190,366090,361420,588430,900010,251570,648800,382310,346110,252490,239140,526160,383120
1058430	312450,214950,489630,34030,544610,289070,268400,1011390,4760,365560,783210,919370,930780,905490,317820,994220,891370,997710,698640,966660,1016730,456670,1054550,872790,859580,921570,297760,535230,239820,929010,535930,233860,593490,503560,333640,365360,590380,259680,243970,238910,546430,637090,200510,249050,413150,599140,666140,751780,697550,894940,840010,105600,593600,385380,211820,305620,699170,639300,760060,4700,896160,779340,394360,8930,712100,10500,357310,207170,251730,238750,492500,528980,566090,629690,245450,617480,954650,428880,250900,677120,262060,247080,333300,606150,375480,804730,218090,991810,231430,919640,1029500,552620,38400,38410,38420,240760,39140,613830,250520,39150,253920
1058470	413410,548570,337320,335670,578620,900270,893180,1061090,233720,658690,567380,423230,235460,504230,332200,588650,851100,764790,274170,219150,447530,601150,883710,239140,232090,732690,550,505230,381210,238320,268050,438740,487720,388090,332800,57300,506610,477740,733300,567640,304430,541570,413420,594650,383150,1250,251570,939510,671510,500,221100,320240,752590,611760,237850,80310,227000,377970,330820,420530,292030,365450,612880,501590,724490,611660,857980,555160,488790,223470,201810,794600,718590,550840,844850,990050,899770,440900,557180,384490,1037940,916730,532190,250760,584400,274190,572430,394970,416680,364230,206190
1058480	1012310,636450,531510,607260,247080,322170,774171,513510,310560,431240,351990,692690,314650,275850,359320,252870,383840,548430,283160,67000,314230,982700,857980,340960,608370,385130,877200,627690,774861,938220,440310,221640,433910,757100,566780,412740
1058500	518790,378860,244210,234630,271590,690790,306130,269950,270880,468920,314160,211500,571740,485670,725960,772480,272890,394690,948200,1002650,923260,822900,785790,683660,360830,780500,481510,544330,35000,329440,731490,71340,426790,1064840,452540,613100,255710,451340,621060,648350,294100,453090,492720,645630,233860,703080,774351,1058980,726830,530320,448510,591460,428690,929010,3320,582550,616560,636480,1104200,448280,4000,346010,284160,494840,228380,450540,535930,813630,1044760,881040,22330,548570,242760,313690,647830,829110,213330,21000,32440,352400,438640,818320,32510,21130,225540,477160,220200,332570,387990,537340,552100,1031120,227300,55230,206420,9480,557340,447040,304530,812140,243470
1058550	63710,270210,244870,434660,516130,251630,531510,242820,342650,411960,996580,411970,71340,363440,237630,227600,213610,71250,3830,355170,401510,843440,715010,706510,802970,615610,356400,12900,840930,378860,517710,355820,679220,785260,674170,310560,899390,253030,885000,247080,221680,235800,880940,728880,774171,463150,813630,1044760,481510,881040,726830,451340,360830,22330,548570,242760,426790,584400,637100,34190,1025940,233610,1012310,810500,641960,636450,1048300,607260,379420,264200,793350,233150,513510,237760,840590,202970,322330,632360,500,602960,105600,376210,427730,211820,334230,503350,701160,780500,544330,35000,329440,1064840,452540
1058560	239140,550,232090,594650,383150,1250,251570,939510,671510,500,221100,750920,391220,368500,201870,15100,292030,424840,403640,582160,362680,1029890,606280,427290,883710,253110,50300,368430,570940,732690,414700,505230,601430,238320,268050,460950,718590,916730,532190,274170,250760,504230,219150,584400,851100,356570,274190,578620,555160,555880,611660,620980,496240,722180,676840,768550,790820,837610,571530,774511,453480,460120,809890,524580,407330,607890,819020,415480,289650,242050,48190,33230,311560,241930,485510,265300,1045180,378540,369440,794260,691280,794600,418240,727850,377160,9200,8980,939960,782330,22380,304930,704270,4500,438740,503350,555440,274940,509980,706020,686810,450540,489940,963930,674020,625340,393380
1058570	212480,732810,573070,648050,44350,696150,400020,396900,203680,255220,485610,687850,703940,580820,770240,903730,440,752170,207140,399820,570,55230,12210,12120,447040,9480,307690,225540,1040200,113400,12220,460920,236870,552100,585420,2990,244210,6220,737800,645630,263760,12360,675010,24740,238260,786630,444000,760050,471710,629730,877200,461430,627690,727130,846110,745010,494430,362490,233610,517710,547360,310560,779450,790020,621970,300400,756700,379720,862260,441870,356400,535890,274170,322170,63710,620980,351990,219150,750050,493490,397340,230290,824720,263280,735660,252490,893520,301520,455300,304050,304930,221100,280790,393420,299740,755790,690790,266410,805550,365960,234630,421020,515220,34190,341800,232910
1058590	386360,504370,444090,235340,771060,677620,572520,440,552990,394230,1025580,206500,4700,34030,10500,214950,325610,712100,4760,1068220,357310,240,222880,10,291480,393380,581320,218230,242860,218620,202970,418460,736220,4920,453090,233450,446800,774351,648350,24780,860890,242920,1083300,57690,492720,375910,373420,311290,560130,228280,321800,1106660,362960,291650,704450,640820,359870,742120,364360,226840,289130,33930,223750,65780,460930,496240,226860,573410,392110,261470,65980,204880,40400,208140,298050,418250,236850,273070,8930,755790,813820,433850,893520,823130,594650,555440,625340,939510,252490,314980,919640,25890,672680,42960,231430,268400,244450,572410,228200
1058600	692850,838310,400910,428550,718590,241600,1018010,332200,400630,283640,814680,727510,387290,504230,481510,115800,683320,312520,501790,581270,393190,40700,96000,421120,675620,505330,856410,94590,310700,764790,900270,277890,835430,37100,368620,345820,393520,253840,620220,318530,231160,542050,295790,841600,401710,248820,323220,239350,250900,247080,753420,1037020,619280,230700,731490,250760,571310,699670,249590
1058630	616560,636480,1104200,448280,4000,346010,284160,494840,228380,450540,535930,613100,255710,621060,493340,645630,451340,1031120,227300,571740,485670,725960,772480,272890,394690,948200,1002650,923260,822900,785790,683660,220200,17390,244850,72200,244030,352720,293760,440650,1035850,941480,732690,521890,507010,657200,688130,817510,388090,268050,416590,354140,638000,387990,300570,746560,684410,268650,838410,470220,282800,247000,718670,290340,518060,403120,334230,293260,397060,47890,332570,728880,32440,880940,405310,285900,32510,238460,204360,21130,647830,341800,275850,359320,751110,383840,392160,252870,290300,314230,674940,546050,386940,448510,829660,323850,331670,312530,225540,537340,552100,457210,284460,811270,557340,280180,329440,406150,395200,262390,779360,378610,25000
1058640	274500,460950,428750,995450,423230,235460,1056960,404540,654050,237930,471010,219150,673130,519860,379720,442780,394970,980300,865630,1010750,562860,548570,2280,2300,782330,555160,578620,976310,311690,394510,272620,262830,704880,655910,39800,242680,678800,459830,550,674750,232090,594650,945460,239140,251570,671510,502800,411830,544750,311730,307780,511680,678950,389730,245170,310950,370460,581320,602960,687340,711540,760810,681390,564310,204100,236390,736220,489940,447820,35450,674020,476600,424030,91330,244450,919640,251950,548430,595140,268130,612880,574090,529970,297120,266110,838110,600630,438320,620900,840430,961420,410820,632360,603960,585710
1058660	874240,212160,99900,414530,844870,323370,495910,761890,808290,630100,216150,537180,666860,39120,206480,212500,372000,560380,268420,215830,230330,429790,212200,570,444090,504370,235340,813820,207230,394230,771060,331360,677620,240320,252490,105600,346110,648800,382310,383120,361420,251570,211820,386180,374040,313120,359320,339600,212070,324510,2820,755800,834910,17390,419480,9880,230410,24200,323470,816020,633230,389730,544750,626690,349040,601050,442080,550470,201230
1058680	578620,611660,342180,620980,418370,496240,722180,676840,768550,877200,236390,736220,489940,447820,35450,674020,476600,91330,244450,919640,251950,436320,562860,681390,543390,759540,853770,990050,494840,490920,307110,648800,322330,429050,313120,383120,548430,632360,457140,427730,418460,633460,242860,589290,393380,508440,346010,636480,304390,863550,311260,648350,284160,466560,773951,620590,527430,356190,238960,992640,219990,774241,552500,475150,424370,939520,215530,937530,564310,581320,548570,618500,450540,220200,230290,244030,275850,359320,751110,383840,392160,252870,290300,314230,72200,8500,464920,419480,236150,794270,445220,838410,470220,282800,247000,718670,290340,518060,403120,334230,293260,397060,47890,838380,630100,601050,607890,212160,992300,215830,290470,710030,681660,794600
1058690	262060,364470,304650,958740,596970,501320,286160,247000,456670,329110,210970,219680,270880,227300,872490,554810,865540,555150,244430,748300,933860,427100,48700,292030,629760,48720,752590,201870,812140,15100,489830,505230,978700,582160,774201,532210,875400,554620,584980,568610,287630,1062020,388320,391540,937170,420530,821790,269030,239030,491950,733790,680980,475550,761620,263140,787480,319630,658850,412830,1054820,39150,560130,466300,362960,536930,311290,640820,234270,330830,611790,743450,910630,588040,501790,683320,581270,393190,40700,96000,421120,675620,505330,856410,367520,94590,397780,375130,476490,492370,1073840,299540,304290,281640,817540,39210,531630,523780,226740,616250,815070,545400,723890
1058710	571740,485670,725960,772480,272890,394690,948200,1002650,923260,822900,785790,683660,919640,872790,8930,503560,286160,24780,871930,809720,244160,239820,686200,858810,236390,736220,489940,447820,35450,674020,476600,424030,91330,244450,251950,346010,220200,621060,4000,638000,387990,244850,493340,300570,746560,684410,268650,453090,860890,255710,868360,233450,950990,492720,613100,521150,648350,323190,344850,877080,490920,48110,541210,537800,311310,1021100,294100,573090,803980,464920,403190,751780,569480,455980,900010,427520,233860,1063980,307110,648800,322330,429050,313120,383120,548430,632360,641320,47890,508440,448280,433340,451340,703080,620,49520,261640,440,246900,728880,605740,880940,41070,48240,305940,39680,670820,242920
1058730	939510,755790,813820,308600,893520,884660,544920,819500,433850,686600,840130,921060,728880,880940,704880,39800,261640,410320,99300,471550,42910,204360,459830,291550,840430,632360,445980,242680,878420,247080,838110,603960,515650,711810,250900,438320,853770,687340,711540,760810,548570,673130,519860,681390,564310,204100,782330,552990,236390,736220,393380,227940,231430,107410,444200,730,394360,291480,284160,552100,585420,2990,244210,6220,737800,645630,263760,12360,675010,24740,877200,496240,342180,686810,674020,611660,581320,618500,450540,355050,253750,618740,268910,1066670,498380,460220,404540,724390,610410,233150,855850,8980,1085660,440,324800,729040,460930,939960,218230,4000,298110,10090,476600,447820,312660,2640,35450,2630,724350,285900,535520,94400,725480,553310,680990,261180,836850,383980,620130,464060,542660,410820,274170,676930
1058740	236390,736220,489940,447820,35450,674020,476600,424030,91330,244450,919640,251950,490920,48110,541210,537800,311310,1021100,294100,573090,803980,464920,403190,751780,569480,455980,900010,323190,427520,233860,1063980,233450,307110,648800,322330,429050,313120,383120,548430,632360,427730,860890,48240,255710,648350,305940,877080,39680,670820,242920,571740,485670,725960,772480,272890,394690,948200,1002650,923260,822900,785790,683660,40960,40980,40970,466560,40950,285310,868360,446800,535930,591460,591370,418460,242860,222880,107410,730,581320,33930,496240,291480,872790,8930,503560,286160,24780,871930,809720,244160,239820,686200,858810,8500,275850,419480,236150,220200,794270,359320,445220,383840,392160,314650,463530,328080,341710,17390,718650,306480,230290
1058750	460950,916730,532190,274170,250760,504230,219150,584400,851100,356570,274190,578620,555160,555880,620980,418370,496240,722180,676840,768550,877200,252490,105600,346110,648800,382310,383120,361420,251570,211820,386180,374040,313120,238960,992640,219990,774241,552500,475150,424370,939520,215530,937530,241930,814380,367500,637650,292030,489830,102500,388410,812140,265300,582160,374320,55150,15620,1042800,235540,200710,790820,837610,571530,774511,453480,460120,809890,524580,407330,607890,819020,415480,377160,4500,41700,9200,8980,20510,939960,22380,304930,782330,704270,550,794600,550840,588650,844850,857980,557180,384490,1037940,356650,283640,613190,692850,843360,727510,350050,630720,239140,232090,594650,383150,1250,939510,671510,500,221100
1058840	265610,742120,351710,282900,538680,231740,495280,310060,435150,521200,377840,405900,330820,256460,377970,567640,228300,460950,238010,237850,1047010,80310,589780,459820,511740,420110,654880,342380,402180,668630,326480,385800,397270,359390,589860,622060,301380,502120,568770,913500,317300,337930,635940,211340,337940,511680,644560,339800,1003520,413420,632290,413410,736190,407330,703730,423880,740600,642090,611790,432100,616620,508260,906300,752570,985040,1043200,507010,1069320,441050,515040,686570,404620,508440,641320,881560,520600,379980,523780,666020,571880,420980,825630,616250,324160,391540,787480
1058850	777130,751440,654880,459820,433340,508440,560380,929010,641320,644560,333600,385800,511740,326480,402180,342380,426000,340730,895850,514310,513510,707300,322170,925460,885000,502800,39210,630100,626690,372000,840720,215830,607880,536930,323370,268420,637650,828070,791330,1015800,1013870,907210,892760,986020,893010,985400,1015720,893020,887530,252490,788260,557180,494430,440900,629730,513710,337000,238010,292030,6300,377160,480490,22380,20920,237930,8870,238210,6910,642090,432100,616620,508260,644570,535490,678190,469820,790820,837610,571530,774511,460120,809890,524580,407330,819020,415480,601510,489520,291410,591960,799960,364470,531640,316010,381560,480650,762560,511680,794600,718590,550840,588650,844850,899770,857980,384490,1037940
1058860	236390,736220,489940,447820,35450,476600,424030,91330,244450,919640,251950,555880,611660,342180,620980,418370,496240,722180,676840,768550,877200,564310,581320,618500,450540,508440,494840,346010,636480,304390,863550,311260,648350,284160,466560,773951,620590,393380,418460,107410,242860,730,633460,222880,527430,238960,992640,219990,774241,552500,475150,424370,939520,215530,937530,337320,976310,307780,1053830,237110,377160,9200,8980,939960,782330,22380,304930,704270,550,4500,562860,1056960,1072150,857980,612880,1010750,673130,519860,557340,442780,2280,379720,2300,241930,814380,367500,637650,292030,489830,102500,388410,812140,265300,582160,374320,490920,307110,648800,322330,429050,313120,383120,548430,632360,457140,427730
1058890	666140,599140,840010,1077890,580200,405710,105600,751780,715050,211820,673950,1097210,616560,636480,1104200,448280,4000,346010,284160,228380,450540,535930,621060,493340,948880,255710,577670,451340,1021110,530070,1080020,24010,495560,236390,736220,489940,447820,35450,674020,476600,424030,91330,244450,251950,314650,230290,244030,17390,244850,464920,72200,514670,645630,293760,890520,419480,457140,1055090,427520,455980,403190,366090,361420,588430,900010,848450,251570,239140,815370,264710,305620,383120,313120,346110,648800,252490,394360,231430,64000,7830,228200,779340,572410,4700,373930,838410,470220,282800,247000,718670,290340,518060,403120,334230,293260,397060,47890,1031120,227300,253250,108600,490920,48110,541210,602960,537800,311310,1021100,573090,803980
1058910	616560,636480,1104200,641320,448280,4000,346010,284160,494840,228380,450540,838410,470220,282800,247000,718670,290340,518060,403120,334230,293260,397060,47890,453090,726110,493340,809720,285310,57690,621060,492720,591460,703080,464920,323190,242920,233860,352720,762650,648350,253250,877080,571740,485670,725960,772480,272890,394690,948200,1002650,923260,822900,785790,683660,402840,363970,506140,346900,438040,564710,777130,610080,547680,842150,462930,1017100,202970,322330,632360,500,602960,105600,376210,427730,211820,503350,701160,610180,397460,331670,442070,880940,728880,351510,32440,477160,285900,405310,727930,496460,233450,40960,860890,403190,446800,774351,24780,1083300,375910,758190,599140,413150,751780,603940,921570,606150,356040,298630,310060,641990,919640,872790,8930,503560,871930,244160,239820,686200
1058930	253230,813630,1044760,481510,881040,451340,22330,548570,242760,426790,431240,848350,1054930,829660,341800,448280,471710,469610,629730,698790,751440,269950,359320,701380,391540,428220,443650,3590,895850,317320,613100,508440,255710,621060,493340,645630,284160,1031120,450540,227300,728880,846800,880940,727930,471810,996160,865980,797410,652360,32440,867980,648350,453090,694130,285310,535930,860890,464920,726110,569480,877080,457140,47890,703080,758190,599140,413150,751780,603940,921570,610080,606150,356040,298630,310060,641990,731490,544330,932790,780500,71340,329440,637100,396710,411960,849210,470220,343780,346900,459220,421040,715050,502770,888220,17440,683320,435400,853550
1058940	616560,636480,1104200,641320,448280,4000,346010,284160,494840,228380,450540,535930,105600,211820,294100,413150,385380,361420,233860,346110,648800,455980,876650,356040,332570,728880,32440,880940,405310,285900,32510,238460,204360,21130,647830,341800,787860,24010,427100,645630,451340,447020,232010,252530,313160,285380,840010,580200,242760,383120,599140,440900,950360,541570,532110,284850,244430,284770,94300,456750,284750,413410,867050,615350,504000,437420,369420,406870,402840,363970,506140,346900,438040,564710,777130,610080,547680,842150,462930,1017100,202970,322330,632360,500,602960,376210,427730,334230,503350,701160,96000,972760,706490,423590,205020,769420,1020270,354240,421120,711660,949800,456430,530070,244210,646910,758190,603940,921570,606150,298630,310060,641990
1058980	530320,641320,929010,360830,3320,813630,1044760,481510,881040,451340,22330,548570,242760,426790,571740,485670,725960,772480,272890,394690,948200,1002650,923260,822900,785790,683660,648350,453090,694130,285310,535930,255710,860890,464920,726110,569480,877080,457140,341800,448280,471710,469610,629730,698790,751440,269950,359320,780500,544330,35000,329440,731490,71340,1064840,452540,728880,846800,880940,727930,471810,996160,865980,797410,652360,32440,867980,3590,546050,787480,3830,493540,584400,207690,22000,613100,493340,227300,621060,270880,711010,495560,413150,683320,435400,853550,47890,508440,703080,437920,386940,534550,291550,674940,207140,312530
1058990	650090,1080890,1111020,620040,520210,368470,665300,363890,220700,857350,408930,685300,1102420,932480,864760,431960,263600,366530,585620,585610,1024640,443970,364970,253370,220980,365440
1059000	645630,750050,284160,675010,234630,493490,310560,255220,421020,515220,211500,824720,817130,612600,564230,553310,779130,494150,552100,585420,2990,6220,263760,12360,24740,406350,619290,465650,402430,872790,658400,507080,414870,415200,880380,375530,394310,897410,44350,485670,725960,772480,272890,394690,948200,1002650,923260,822900,785790,683660,598640
1059040	593600,719890,518790,321360,587450,613270,401190,215470,253710,293520,382310,755790,252490,513710,578080,299740,393420,813820,555440,433850,355840,251570,594650,239140,555570,108600,351290,247730,418460,736220,236390,633460,242860,919640,447820,393380,244450,496240,512470,3920,418180,242050,205610,413710,277590,621220,327860,223330,552990,10500,35450,227940,223750,423490,107410,730,291480,581320,380600,766570,834280,703950,798420,1101140,1024010,787860,270880,314520,227300,648800,361420,383120,418030,366220,1059900,387990,402710,327090,313120,10090,476600,686810,312660,444200,2640,2630,232090,550,342180,500,222880
1059080	372000,323370,582660,212500,206480,560380,109600,630100,268420,215830,230330,851100,253840,790360,838310,1029770,400910,428550,203510,620220,535480,282530,252030,261640,8980,1085660,440,324800,729040,460930,107410,939960,218230,4000,298110,874240,212160,99900,414530,844870,495910,761890,808290,216150,537180,304050,39120,429790,212200,373420,311290,560130,228280,321800,1106660,362960,291650,704450,640820,359870,742120,55230,12210,12120,447040,9480,307690,225540,1040200,113400,12220,460920,236870,20920,20900,204030,288470,973760,379430,374320,367500,65540,1091500,582160,368500,289650,242050,48190,201870,33230,311560,15100,403640,241930,485510,570940,265300,1045180,378540,369440,794260,691280,794600,418240,718590,727850,393420,251570,386180,648800,346110,299740,440900,383120,105600,418030,382310,387990,611670,22330,219780,22320,102500
1059090	368620,916730,393520,253840,838310,203510,250660,302790,776490,588650,261570,718590,460950,835430,250760,312520,790360,1029770,535480,282530,252030,584400,312530,367520,207530,495050,674520
1059110	460950,718590,916730,532190,274170,250760,504230,219150,584400,851100,356570,274190,841370,386360,380600,570,211500,577800,471710,465780,385760,444090,253710,227940,885000,356400,1012310,810500,636450,531510,1048300,607260,247080,379420,322170,578080,236110,548430,594650,460930,730,359550,107410,345330,65800,485670,725960,772480,272890,394690,948200,1002650,923260,822900,785790,683660,598640,1041680,608370,422860,757100,566780,412740,692690,1020340,485610,687850,703940,580820,785260,903730,440,752170,207140,399820,284160,552100,585420,2990,244210,6220,737800,645630,263760,12360,675010,24740,375530,230650,510630,326630,407120,862190,950100,263740,356370,438600,752520,766570,834280,703950,798420,1101140,1024010,787860,270880,314520,227300,518790,735550,321400
1059150	219150,460950,519860,442780,394970,980300,548570,367520,517630,2610,611660,274500,428750,995450,423230,235460,1056960,404540,654050,237930,471010,631510,848430,447290,687340,711540,760810,555160,681390,564310,204100,782330,1010750,562860,2280,2300,585710,217120,636100,349710,620900,242680,494700,603100,277430,251230,581320,676930,602960,885000,356400,1012310,810500,641960,636450,531510,1048300,607260,247080,379420,322170,214870,208200,39530,9050,311210,232090,2320,2200,1072150,552500,2210,611500
1059160	517630,284160,557340,578620,671620,337320,555160,550010,665370,552100,300380,605740,270880,645630,393380,516750,787860,690790,310560,530070,675010,421020,263280,957050,234630,750050,378860,266410,365960,737800,493490,1027800,643810,331870,545040,1102500,1060180,227300,347000,1062960,468920,314650,757860,585420,2990,6220,263760,12360,24740,12900,351990,620980,513510,49600,531510,247140,67000,270210,207750,322170,893030,216150,389570,444640,291550,636040,471710,238960,200210,236110,99900,397900,238460,212480,732810,785260,573070,648050,44350,696150,400020,396900,203680,255220,485610,687850,703940,580820,770240,903730,440,752170,207140,399820,570,55230,12210,12120,447040,9480,307690,225540,1040200,113400,12220,460920,236870,928600,805550,410340
1059190	981260,3590,627690,236110,413150,1055620,328080,827420,1098140,448280,508440,255710,493340,645630,284160,451340,1031120,450540,227300,948880,577670,1021110,530070,1080020,24010,495560,750050,293760,868360,320300,538810,649790,957930,982750,634160,962580,248530,988100,263880,829660,828580,673950,571740,485670,725960,772480,272890,394690,948200,1002650,923260,822900,785790,683660,1029920,895060,1036600,879670,546050,238260,729580,431930,595960,471710,339610,378860,766570,435400,683320,1039370,96000,218680,239030,552100,585420,2990,244210,6220,737800,263760,12360,675010,24740,896750,555150,698500,715560,493200,347000,210970,270880,331870,748300
1059220	736220,236390,633460,242860,919640,589290,447820,393380,244450,496240,35450,476600,91330,251950,581320,107410,730,222880,252490,105600,346110,648800,382310,383120,361420,251570,211820,386180,374040,313120,494840,490920,307110,322330,429050,548430,632360,457140,427730,442780,548570,595140,268130,612880,574090,529970,297120,782330,266110,379720,227940,728740,884660,555160,755790,221100,513710,578080,939510,299740,393420,813820,555440,433850,355840,300,814380,812140,236870,582160,368500,289650,242050,460930,381210,403640,447040,750920,368070,312660,848500,440,218230,444090,253710,922320,304930,10090,444200,2640,2630
1059230	382310,361420,440900,383120,648800,251570,304050,346110,244850,413150,294100,233860,455980,876650,356040,848450,239140,815370,264710,305620,313120,252490,697550,593600,280520,427520,526160,383840,359320,548430,738520,392160,252870,314650,387990
1059240	883710,342180,239140,232090,414700,550,505230,381210,268050,388090,332800,506610,319510,354140,489360,617160,541570,708580,597760,214490,287390,286690,22180,622650,523650,985830,513290,438740,9050,428860,485380,413410,413420,787480,1026160,406550,687260,477740,325120,476650,311240,555950,303310,399810,480490,264710,848450,251570,815370,305620,383120,313120,346110,648800,361420,252490,275850,371660,752590
1059260	679660,1001880,1017350,736840,1035920,853860,628750,949030,986990,776540,806850,978450,864570,815950,844160,907590,790860,764560
1059280	848450,251570,239140,264710,305620,383120,313120,346110,648800,361420,252490,550,232090,594650,418370,383150,1250,939510,671510,500,221100,752590,1029890,606280,427290,883710,750920,253110,50300,368430,814380,570940,384110,414700,332800,506610,388090,320240,57300,532790,381210,438740,466240,21690,521890,287290,301640,47780,436320,282140,296710,514830,287390,552520,286690,636720,939960,324080,513710,382310,387990,1035850,941480,507010,657200,688130,817510,268050,416590,354140,424840,308060,1023870,391720,541570,495980,48000,622650,274940,386880,298110,661790,518790,773090,532110,94300,1036700,555220,395170,402260,567640,319510,489360,238320,617160
1059300	244030,359320,751110,383840,290300,314230,72200,17390,244850,464920,514670,645630,293760,890520,8500,236150,794270,445220,530070,446800,277751,1040730,538810,750170,315660,713460,283620,343070,573090,270880,383120,361420,264710,548430,738520,848450,242760,346010,621060,4000,638000,387990,493340,300570,746560,684410,268650,2820,281990,403190,392110,2870,2810,431240,485670,725960,272890,772480,1002650,394690,598640,948200,923260,822900,785790,261640,211820,648800,616560,636480,1104200,641320,448280,284160,494840,228380,450540,535930,352720,440650
1059310	304050,109600,761890,386360,9900,8500,323370,666860,238960,39120,206480,212500,250900,311690,531510,445980,753420,588650,293780,628770,248820,1037750,711810,269210,249630,371970,434650,314410,384490,462860,632360,323220,585710,266510,317820,1016730,718670,905490,698640,891370,930780,919370,994220,449960,794600,550840,844850,990050,899770,857980,440900,557180,1037940,657090,904380,429620,650940,978520,264160,760060,997710,966660,1054550,336940,45740,320040,391540,740080,356650,283640,613190,692850,851100,843360,727510,350050,630720,219990,335300,990980,215530,508440,485510,265300,424370,921970,256030,1045180
1059320	840010,1077890,580200,405710,105600,751780,715050,211820,673950,1097210,838410,470220,282800,247000,290340,518060,403120,334230,293260,397060,47890,455980,294100,366090,253250,648800,1055090,346110,588430,427520,361420,578620,555160,555880,611660,342180,620980,418370,496240,722180,676840,768550,877200,242760,383120,440900,758190,603940,610080,606150,356040,298630,310060,641990,304050,697550,8500,275850,464920,419480,236150,220200,794270,359320,445220,383840,392160,314650,236850,508300,394360,25800,42960,4700,712100,325610,859580,8930,281990,310470,251570,221100,329430,299740,304930,239140,382310,1044200,262060,668590,973760,364470,304650,958740,596970,501320,456670,329110,391540,492720,790820,420530,282900,251150,294860,785740,351710,858810,47810
1059370	209120,495910,310950,222940,237110,242700,520440,725480,579840,293780,274190,312530,361350,445980,261180,976310,307780,245170,94400,702890,553310,252950,880940,836850,865980,724350,285900,535520,680990,452510,546050,245490,232910,641080,848230,695970,437920,829660,45760,801630,348550,357190,356910,727930,204360,42910,394510,448510,238460,641990,544750
1059420	453480,601510,748940,386360,762560,444200,364470,705220,677620,813820,685420,504370,444090,235340,771060,572520,440,552990,394230,1025580,206500,749270,218410,246420,397160,651060,306020,502200,444640,340460,525620,848350,297020,201790,345330,844870,305260,238960,212160,109600,323190,569480,463530,366090,233860,464920,257170,105450,455980,221380,280220,718650,352720,368230,403190,233450,578080,548430,594650,460930,730,359550,107410,794260,819280,674750,1019920,210770,984220,857980,779340,594570,919640,244450,572410,34030,251060,646570,212680,502520,253250,648800,346110,383120,294100,252490,244850,285920,361420,387990,382310,496300,1065580,458710,247080,677120,262060,333640,269310,323220,249630,919370,259680,515650,384490
1059460	657200,799260,508440,448280,289090,246900,4000,516750,368360,427730,965340,265210,460790,208670,418340,329050,524220,502800,292480,553640,411830,511680,214590,889510,220440,631510,45700,291550,389730,204360,816020,423230
1059470	874240,212160,99900,414530,844870,323370,495910,761890,808290,630100,216150,537180,751780,382310,361420,440900,385380,383120,648800,322330,251570,304050,346110,578620,555160,555880,611660,342180,620980,418370,496240,722180,676840,768550,877200,244850,275850,413150,109600,386360,9900,8500,666860,39120,206480,212500,372000,582660,560380,268420,215830,230330,851100,253840,790360,838310,1029770,400910,428550,203510,620220,535480,282530,252030,261640,8980,1085660,440,324800,729040,460930,107410,939960,218230,4000,298110,429790,212200,20920,20900,204030,288470,973760,489830,379430,374320,367500,65540,1091500,527430,356190,992640,219990,774241,552500,475150,424370,939520,215530,937530,582160,368500,289650,242050,48190,201870,33230,311560,15100,403640,241930,814380
1059500	332570,728880,32440,880940,405310,285900,32510,204360,21130,647830,341800,234330,601510,453480,61700,799960,536930,489520,12500,627690,654300,364470,227580,616560,636480,1104200,641320,448280,4000,346010,284160,494840,228380,450540,535930,105600,211820,294100,413150,385380,361420,233860,346110,648800,455980,876650,356040,859640,504230,253230,295790,35130,813630,95400,424840,544330,726830,224460,217200,323850,242550,620,42910,49520,534550,306760,257510,512790,715560,258520,391720,1054110,882560,305620,383870,244430,270880,787860,24010,427100,645630,451340,447020,232010,252530,313160,285380,840010,580200,242760,383120,599140,440900,613100,750050,293760,868360,493340,255710,320300,538810,388090,332800,506610,319510,354140,418370,489360,505230,57300,238320,414700,617160,532110,567640,362680,413420,413410,304430,477740,94300,1029890
1059620	950360,541570,284850,244430,94300,456750,284750,413410,867050,615350,504000,437420,369420,406870,96000,972760,706490,423590,205020,769420,1020270,354240,421120,711660,949800,456430,362680,402260,304430,744190,391720,395170,350640,616560,636480,1104200,641320,448280,4000,346010,284160,494840,228380,450540,535930,227300,530070,787860,447020,427100,645630,252530,24010,244210,646910,232010,465170,657040,495110,350010,558790,279800,589690,678970,399890,574270,637060,699780,458480,677020,207690,536780,458470,662190,105600,211820,294100,413150,385380,361420,233860,346110,648800,455980,876650,356040,259740,284790,284710,253230,813630,1044760,481510,881040,726830,451340,360830,22330,548570,242760,426790
1059660	645630,613100,750050,293760,868360,493340,255710,320300,451340,538810,24010,641320,220200,244030,275850,359320,751110,383840,392160,252870,290300,314230,72200,555160,496240,686810,450540,489940,342180,963930,674020,625340,555880,611660,393380,485670,725960,772480,272890,394690,948200,1002650,923260,822900,785790,683660,17390,244850,284160,228380,352720,440650,598640,253230,813630,1044760,481510,881040,726830,360830,22330,548570,242760,426790,919640,872790,8930,503560,286160,24780,871930,809720,244160,239820,686200,858810,642090,644560,1003520,432100,616620,508260,644570,535490,751440,678190,469820,777130,654880,459820,508440,560380,929010,339800,346010,4000,638000,387990,300570,746560,684410,268650,453090,860890,591370,233450,950990,492720,521150
1059690	616560,636480,1104200,641320,448280,4000,346010,284160,494840,228380,450540,838410,470220,282800,247000,718670,290340,518060,403120,334230,293260,397060,47890,453090,726110,493340,809720,285310,57690,621060,492720,591460,703080,464920,323190,242920,233860,352720,762650,648350,253250,877080,571740,485670,725960,772480,272890,394690,948200,1002650,923260,822900,785790,683660,402840,363970,506140,346900,438040,564710,777130,610080,547680,842150,462930,1017100,202970,322330,632360,500,602960,105600,376210,427730,211820,503350,701160,610180,397460,331670,442070,880940,728880,351510,32440,477160,285900,405310,727930,496460,233450,40960,860890,403190,446800,774351,24780,1083300,375910,758190,599140,413150,751780,603940,921570,606150,356040,298630,310060,641990,919640,872790,8930,503560,871930,244160,239820,686200
1059710	616560,636480,1104200,641320,448280,4000,346010,284160,494840,228380,450540,535930,105600,211820,294100,413150,385380,361420,233860,346110,648800,455980,876650,356040,332570,728880,32440,880940,405310,285900,32510,238460,204360,21130,647830,341800,787860,24010,427100,645630,451340,447020,232010,252530,313160,285380,840010,580200,242760,383120,599140,440900,402840,363970,506140,346900,438040,564710,777130,610080,547680,842150,462930,1017100,202970,322330,632360,500,602960,376210,427730,334230,503350,701160,758190,603940,921570,606150,298630,310060,641990,530070,244210,646910,207140,312530,323850,245490,383980,848230,674940,695970,437920,291550,829660,381210,239140,438740,509980,466240,251570,383150,21690,521890,287290,301640,47780,253230,813630,1044760,481510,881040,726830,360830,22330,548570,426790
1059740	251570,671510,42700,939510,273110,383180,304930,555440,238430,578080,218230,730,359550,10180,393380,581320,218620,444090,299740,265550,476600,2630,227940,311210,550650,552990,755790,440,342200,418370,221100,381210,602960,552520
1059760	666140,599140,840010,1077890,580200,405710,105600,751780,715050,211820,673950,1097210,616560,636480,1104200,448280,4000,346010,284160,228380,450540,535930,621060,493340,948880,255710,577670,451340,1021110,530070,1080020,24010,495560,236390,736220,489940,447820,35450,674020,476600,424030,91330,244450,251950,314650,230290,244030,17390,244850,464920,72200,514670,645630,293760,890520,419480,457140,1055090,427520,455980,403190,366090,361420,588430,900010,848450,251570,239140,815370,264710,305620,383120,313120,346110,648800,252490,394360,231430,64000,7830,228200,779340,572410,4700,373930,838410,470220,282800,247000,718670,290340,518060,403120,334230,293260,397060,47890,1031120,227300,253250,108600,490920,48110,541210,602960,537800,311310,1021100,573090,803980
1059810	810500,885000,351990,422860,1020340,692690,310560,774171,513510,314650,608370,757100,566780,412740,49600,207750,823730,247140,531510,235800,259530,381320,1012310,1048300,607260,247080,322170,275850,359320,252870,383840,548430,283160,314230,982700,857980,264710,732690,448280,555160,621060,221640,218060,433910,356890,401510,413700,706510,980300,253030,63700,499890,270210,1013190
1059830	616560,636480,1104200,641320,448280,4000,346010,284160,494840,228380,450540,535930,105600,211820,294100,413150,385380,361420,233860,346110,648800,455980,876650,356040,950360,541570,532110,284850,244430,284770,94300,456750,284750,413410,867050,615350,504000,437420,369420,406870,332570,728880,32440,880940,405310,285900,32510,238460,204360,21130,647830,341800,787860,24010,427100,645630,451340,447020,232010,252530,313160,285380,96000,972760,706490,423590,205020,769420,1020270,354240,421120,711660,949800,456430,840010,580200,242760,383120,599140,440900,402840,363970,506140,346900,438040,564710,777130,610080,547680,842150,462930,1017100,202970,322330,632360,500,602960,376210,427730,334230,503350,701160,530070,244210,646910,758190,603940,921570,606150,298630,310060,641990
1059840	228380,378860,646910,24010,320140,227300,71230,396900,351990,530070,355400,264200,468670,447290,489140,877040,716250,261180,887170,1002800,564050,350910,312530,207140,252950,674940,386940,728880,880940,553310,291550,836850,865980,238260,444930,595960,1059190,422510,70660,546550,341090,458510,458500,347660,577320,649790,957930,982750,634160,962580,248530,988100,263880,413150,829660,828580,673950,251470,709440,65800,448510,269710,293780,300380,433340,314650,230290,840010,428690,305620,648800,376210,221100,625340,382310,383120,49600,207750,67000,823730,12900,247140,531510,235800,620980,259530,381320,322170,221640,356400,706510,885000,342650,971620,245170,678950,310950,389730,544750,520440,848350,222940,45760,801630,437920,323370,429790,212200,372000,216150,550470,238960,109600,630100,389430,268420,212500,1027800,643810,331870,545040,1102500,1060180,347000,1062960,468920,757860
1059880	841600,401710,248820,241600,323220,239350,718590,250900,247080,753420,1037020,619280,535480,916730,332200,400630,283640,814680,727510,387290,851100,374320,485510,1045180,814380,265300,691280,367500,236430,582010,460950,764790,240720,838310,428550,400910,835430,312520,248310,564150,363440,584400,200900,34270,495050,595790,613190,408060,844850,481510,366320,115800,683320,253840,790360,1029770,203510,620220,282530,252030,1930,238960,215530,475150,774241,552500,200710,585450,1082890,356190,449960,322170
1059900	327090,313120,251570,382310,105600,427520,211820,644290,244850,504050,544550,751780,761890,290080,233860,393420,386180,299740,440900,376210,366090,374040,445220,573090,645630,552100,4000,324510,327070,304030,529180,487120,700030,412450
1060000	377160,9200,8980,939960,782330,22380,304930,704270,550,4500,252490,105600,346110,648800,382310,383120,361420,251570,211820,386180,374040,313120,578620,555160,555880,620980,496240,722180,676840,768550,877200,241930,814380,367500,637650,292030,489830,102500,388410,812140,265300,582160,374320,239140,232090,594650,383150,1250,939510,671510,500,221100,238960,992640,219990,774241,552500,475150,424370,939520,215530,937530,883710,732690,414700,505230,381210,601430,238320,268050,55150,15620,1042800,235540,200710,790820,837610,571530,774511,453480,460120,809890,524580,407330,607890,819020,415480,41700,20510,555950,311240,970570,502280,477740,339800,838380,644560,658850,502800,333600,225540,8190,667720,12210,284160,271590,397340,863550,346010,265930,20500,55230
1060030	874240,212160,99900,414530,844870,323370,495910,761890,808290,630100,216150,537180,311690,248820,512900,696850,578080,677120,445980,711810,307110,55230,311800,21690,853770,687340,711540,760810,548570,673130,519860,555160,681390,564310,204100,782330,616560,636480,1104200,641320,448280,4000,346010,284160,494840,228380,450540,535930,236390,736220,489940,447820,35450,674020,476600,424030,91330,244450,919640,251950,885000,356400,1012310,810500,641960,636450,531510,1048300,607260,247080,379420,322170,211820,751780,382310,361420,440900,385380,383120,648800,322330,251570,304050,346110,848450,239140,815370,264710,305620,313120,252490,442780,595140,268130,612880,574090,529970,297120,266110,379720,253230,49520,368360,213670,469610,488790,233720,657200,620,927380,638970,383840,359320,738520,392160,252870,314650,261640,594650,232090,552520,8980,550,500,298110,704270,49540
	
