1030090	357910,428100,448750,592060,755040
1030580	1033720,1077330,1077860,1105150,327410,366800,380580,406920,558420,578420,616690,659190,676820,726200,758570,918120,930630,955060,1011620
1030970	688650,927840
1031110	1054560,557880,964910
1031120	641320
1031140	687280,988430,997630
1031270	787860,984250
1031440	1075400,368160,381010,413870,502990,503160,574140,582560,648100,779640,799730,804780,806560,847580,890750,929170,979620
1031480	1043230,1043240,1079160,262240,335010,354920,368950,745880,776490,806720,845880,850920,882710,904740,924650,937570,937580
1031540	1017350,1021260,1028380,1035920,1042150,1048080,1054610,1059260,1067650,1081760,1092650,1104670,646460,690740,722020,776540,806850,828910,836700,852110,853860,868880,874010,949030,986990,993630,1001880,1006880,1012860
1031570	1031640,1035860,1095370
1031640	1031570,1035860,1042330,1095370,398070,601920,664140,801380,991750,993580,1008740
1032020	1018980
1032090	837500
1032120	91600,210770
1032340	252350,564050,885150
1032430	1056970,1061460,544590,552450,556770,605110,625800,636430,645930,648570,670270,679480,684260,703140,710740,716400,720310,720510,721510,725950,749370,750010,750670,751380,756290,828410,833070,838820,856160,908750,952930,971350,1003260,1009510
1032580	964770
1032730	46850,49320
1033000	246580
1033080	415670,453910
1033590	989110
1033600	722760
1033720	1104890,270170,747160,888090
1034120	1024590,1029990,1037990,1047380,545200,618010,65710,758050,907460,953240,961270,979320
1034160	1039570,1064050,636790,1015470
1034260	1034240,453770,512260,630470,722810,997480
1034810	1058430,1062850,268970,416000,423770,459020,498700,671130,957140
1034900	354970,454130,501940,586450,954780
1035050	373140,467940,552590,714980,885100,971210
1035120	523650
1035210	20200,32160,736340,898580
1035310	606500,716760,744010,811720,1002200
1035610	1038830,545030,770400,838620,993740
1035700	354950,356540,362660,365350,407680,431510,457530,520850,521540,664620,683180,734380,895820,986710
1035850	50000,423610,587420,224040,240720,688130,767100,809900,817510,839130,842030,845200,887900,966580
1035860	1095370,685790,823100
1035920	1048080
1036430	1011390
1036440	253190
1036490	1018000,1066670,1071260,1083050,1086160,253750,315670,344910,345130,354040,357890,391420,416380,422250,422510,424760,433950,438090,448790,449450,460220,469890,498470,502540,548230,567580,567780,602080,610410,613130,615610,635590,637120,640880,640970,236450,654600,656640,669830,673260,703530,724390,733250,749560,755490,762270,767840,778120,788930,791140,829490,855850,866500,900490,922470,969480,974600,999200
1036600	1029920,1039370,1101130,1106350,781660,893330,999640,1008680
1036700	362680,396310,538070,708020,773090
1036950	1024490,302380,321480,338710,341720,351030,423220,443580,448550,476460,533690,590280,614890,625430,662200,733020,742500,744800,778470,790790,792650,808580,828170,841860,862110,878250,878280,935880,936800,938820,941630,951700,968310,972430,977490,998730
1037020	588650,603530,841600
1037260	494600,805980
1037560	1037960,1046230,1053660,1061300,1081710,1085270,296770,913820,914160
1037570	238870
1037590	34310,34316,1071920,257630,265170,278510,284220,301680,316180,316600,319180,333510,335010,348240,353940,373480,380920,386770,390710,390730,402030,407900,415350,430290,430300,434750,437020,460630,460910,465070,466820,490490,514620,522040,532900,545060,547730,549900,557420,560050,574200,591560,592270,606190,629440,92200,92210,92220,207370,207380,244890,653920,654240,663130,713450,771240,772610,796380,828590,833950,843740,980950,998990
1037750	1030410,297210,325090,326720,328760,358080,378280,388620,394310,397830,400180,415030,437890,448810,454370,458660,547980,555980,598060,606150,656350,705100,845690,859420,932210,965880,985510,989150
1037760	1079100,296490,568370,575460,235360,955260,975770
1037900	676120
1037940	1036120,372080,550840,616330,628290,638060,709850,721460,770120,772730,811320,813310,904900,992300,1001040,1015830
1037960	25000,1037560,1046230,1053660,1061640,1081710,1085270,765630,825310,914160
1038100	760330
1038240	1020020,1061830,1096540,1096550,432030,479010,509020,513760,523050,616720,708120,738830,823900,979560,1006850,1011650
1038370	1029960,1073490,1074040,252690,269590,294370,299600,310070,332710,340600,493080,509580,557410,567080,845110,867470,891370,918430,919220,920680,924020,941300,949600,1006140
1038810	769680,771960
1039350	49320,264140,347940,506700,710610,910750
1039370	1055620,1066240,1098140,781660,1012830
1039380	1098090,900790,968470
1039570	1034160,1064050,1015470
1040070	57620
1040200	271590
1040310	376760,376770,399880,464040,544290,664660,954360,954410,1007440
1040430	1028170
1040490	436470,671050,851530,893350
1040720	1076300,274310,337340,559210,578420,630060,206440,815660,1013630
1040730	24010,277751,283600,283620,306370,315660,343070,530070,538810,657240,713460,750170,754150,994890,998400
1040940	1058470,1090940,323380,456180,461100,466270,518580,551320,553320,579110,612120,247870,672420,724490,776040,933940
1041130	266110,301840,335010,375000,381610,501950,720850,783450,830820,856210,860660,992990
1041270	1041660,1073370,1105600,533620,570500,680590,766280,805760,827640,949130
1041320	1042590,449601,449602,449603,449604,598680,646820,824300,943630,943640
1041450	1064580,627410,717330,774121,979900
1041670	610350,868380,990500
1041680	58400,1019400,1019500,1020340,1021680,1048300,1058480,1059810,1064080,1098100,340960,362800,412740,422860,433630,465010,493040,517130,520470,526440,566780,570000,570860,572630,604300,608370,614030,618350,631120,641960,665350,666250,670130,674180,692690,752380,757100,769540,770160,810500,818620,821640,837640,845400,852620,859870,884370,893030,920700,922190,943210,1011820,1014710
1041690	1018810,1081250,293420,496070,520510,527720,528580,548790,585940,629780,635310,654840,672040,721960,804620,848710,904430
1042150	1033370,1084170,578430,662200,818760,937820
1042330	1083450,1095370,250070,299660,391160,416840,459050,479310,212110,788760,801380,839620,958690,991750,1001910
1042800	389850,527430
1042960	628290
1042980	1042990,1043000,328890,700920,748970
1042990	1042980,1043000,748970
1043000	1042980,1042990,748970
1043060	276220,409100,492270,740040,945580
1043150	979880,984450
1043180	1064420,423880,445130,458760,521340,555210,610610,628730,638110,657050,674580,685950,752720,761070,831100,862690,885640
1043200	1083490,324710,474980,605500,695920,985040
1043230	1031480,1043240,1070230,1079160,1104170,284220,301680,354920,363940,373480,380690,383800,435970,454750,463070,472830,493670,517510,532470,532900,577910,642600,663130,796380,845880,850920,877590,882710,893900,924650,937570,937580,968410
1043240	1031480,1043230,1070230,1079160,1104170,284220,301680,363940,373480,380690,383800,435970,454750,463070,493670,517510,532470,532900,577910,642600,663130,796380,850920,877590,882710,937570,968410
1043250	451650,505550,598150,622290,703480,777980,844060,865770
1043340	340860,356180,496440,673210
1043350	1051830,1063230,1094660,1098670,351060,556260,565860,658340,759610,767050,786910,812090,904860,938640,948120,963710,999040
1043370	577330
1043680	296970,997290
1043870	975770
1044040	736850
1044170	1079100,388550,442290,93200,841320,848810
1044200	1028740,1057450,1062330,1065210,1069100,1089650,1105560,258050,263920,284910,299740,304930,305500,307940,312210,316390,329430,337950,340050,341660,344820,345710,348670,355840,360170,363930,372820,378370,380570,382140,383580,412400,413110,427950,429490,440950,443890,447960,460540,463860,464700,497240,501470,509530,509770,513710,517350,528970,533780,537060,541300,554710,558680,565730,569640,588430,612610,617030,622420,628440,632300,634070,651280,108600,113420,233740,239840,241540,249360,652330,652730,657990,663110,664090,667890,673070,674400,676210,677480,682140,685340,690510,693210,712190,716950,723020,723420,730270,732340,738500,741320,757240,757420,763220,771250,783310,786450,790700,792380,799860,801910,806000,807050,809210,817370,822110,826930,831490,841970,854110,866330,871860,873050,873810,876900,890110,892510,898460,905180,914620,915060,916130,918610,922320,927860,931220,959220,976630,978610,978970,986700,986860,991790,1003150,1004780,1009040,1011000,1015580
1044220	1047960,1053250,1086450,1098340,1101130,508900,521280,533300,562220,566160,575640,588970,610360,611980,617670,645090,655100,658560,671090,781810,799070,904570,905350,966630,992050
1044340	255960,688260
1044490	1033380,1034880,1036580,1042570,1070240,307050,326060,326950,333220,353330,358340,358770,375770,380660,386990,397270,398980,408120,429580,429940,432130,437720,438270,438940,443330,449340,451760,452440,458380,504410,512600,518280,554600,583090,600660,629430,653950,705570,765210,766560,827290,836450,844660,858830,860640,864420,885650,893790,917680,940130,978870,979410,997530
1044640	1043380,985640,989640,1012390
1044760	433340,536320,629970,676510,678900,704030
1044980	320300,645630,750050,989770
1045080	1074330,1094060,290510,331460,394130,444530,446750,453720,457580,464400,487250,494810,504560,504840,509340,509540,510040,522710,525910,526730,529590,534920,542110,543600,543710,546110,548340,554870,559330,560640,574010,576820,582490,582560,587860,614710,615590,645150,246720,664210,700620,707580,712060,718470,722590,740400,757350,789090,798790,808810,820250,823690,841460,842120,850450,855320,861160,865360,872530,940850,944100,966680,972740,974840,977570,980320,989710
1045110	465240,574940,642000,676990,690620,939100
1045180	265300,283640,332630,335300,350050,356650,362490,369440,374320,378540,406130,433450,442010,485510,488760,545720,570940,593850,631980,211420,679460,691280,696930,705390,716780,750800,759570,801320,814380,875530
1045580	628660,745250
1045590	669440
1045620	37270,1016960,258090,265610,266490,269010,282900,303790,315860,316840,322290,333250,335190,347830,351710,373770,382380,384950,389870,395620,406110,415480,418190,460120,466920,477870,497470,521200,523000,525240,527270,527290,552700,555630,563270,569570,648640,70400,658260,695510,710470,714730,721850,724970,750710,756590,776490,836760,842810,852790,867490,886820,903850,911220,936160,936180,936190,968420,1015540
1045650	1070580,341730,380000,696460,698330,699750,839930,842760,893330
1045850	1028930,392450,403070,436160,441060,464800,500150,545820,872970,873960,899290,976020,984240,990250
1046030	29180,32150,38720,61600,1018580,1021700,1036950,1038850,1040550,1042980,1043000,1045300,1049720,1051280,1060840,1064540,1068770,1070790,1089880,1104250,251910,265890,266010,271900,272040,284950,286380,287980,298420,300300,304410,336200,336230,340280,351030,351320,357600,363580,375340,383540,384660,390570,392780,415170,415910,416120,416770,418040,423220,431120,437520,442770,444020,448530,449180,461840,473520,476240,485730,490100,497040,499440,501840,511380,511470,516870,519990,525290,531740,533580,535000,536470,536680,539340,539370,544180,545690,546070,547050,547140,548050,550590,551110,552060,552160,553830,557570,575590,576290,576500,578430,581840,582960,585950,587050,613420,617630,632000,642560,645920,200130,221180,654200,654440,654900,654910,658870,661100,661430,661480,666010,670370,675720,676430,677340,682070,682230,682820,684170,684430,689340,693300,697450,699600,699830,704940,706550,707960,713920,716070,718220,725340,726030,727070,733020,733070,735520,735530,742490,745650,747980,748970,757330,759000,760030,763340,773670,785870,785890,786340,786560,788320,788760,791970,792000,792650,795110,798730,800860,802810,802970,805420,806880,810640,810690,811440,811910,814530,818500,819330,820910,824570,826660,833260,833910,839620,841570,842490,843130,843580,845840,854560,854830,855240,858760,860390,862110,864300,864370,865220,865840,867380,868130,872060,872310,875240,878250,878510,879110,879280,879850,896750,898380,906850,906880,908510,918060,920660,920800,926170,931090,932250,932330,935880,937390,937850,939380,941630,942050,944340,945390,946200,947470,948900,952230,957850,965490,967180,970580,970710,973250,981620,983980,987710,989560,990280,993580,998730,1001200,1006920,1007810,1009700
1046230	1037560,1053660,1061300,1081710,1085270,296770,913820,914160
1046570	290340,365890,820460
1046660	943410
1046770	327490,857320,939360,940920
1046910	542170,544880,588350,619250,625190,639960,668030,737820,738100,763860,774231,973360,1000510
1046930	362400
1047010	447530,815450
1047850	760510
1047870	413740
1047960	1044220,1086450,671090
1048000	1027900,1089810,285420,360010,362130,362140,368250,395400,500550,573210,602790,648670,702820,787140,790290,806580,814200,826590,904970,939390,1005090
1048080	1017350,1021260,1028380,1031540,1035920,1042150,1054610,1059260,1067370,1067650,1092650,1104670,604780,628750,667300,679660,692200,704190,722020,736840,776540,806850,828910,853860,868880,986990,993630,1001880,1006880,1012860
1048090	1058690,1064930,270490,293880,295850,316140,339350,375130,376240,392820,397780,404690,434370,446310,446330,449020,466430,476490,492370,520150,524520,524540,524560,527820,531630,543980,552720,557700,558410,568610,585290,588710,596540,596890,596910,610310,625990,633580,640210,648020,226740,684060,715440,726230,726460,742150,748890,787170,800620,815070,918140
1048100	3500,3570,3610,16000,33760,33790,36240,37310,37320,37330,37380,38190,47500,47520,50920,50930,50940,50970,50980,1034280,1042750,1097960,264440,302590,321600,323270,343390,372960,385390,446430,446440,448150,449350,463010,464630,498040,531860,533030,559650,573650,690350,702180,810420,861230,878380,953190,964180,967330,984170,994870,1007730,1009780,1010860
1048170	1018980,1032020,1033720,351900,435300,904940,918120
1048300	1020340,1021680,1058480,422860,442020,517130,520470,570000,604300,618350,620980,636740,670130,769540,818620,837640,845400,885000,922190,976930,1011820,1014710
1048540	41600,1054090,324750,358380,388720,504500,513300,582260,596990,636910,655080,679640,771510,802060,819740,881080,912990,978440
1048560	1086010,282640,367300,373180,437100,546090,586350,219150,665930,680930,685230,701470,703530,714240,730300,753100,795570,897630,1001520
1048600	1069360,1069740,888630
1048610	1075390
1048780	531140
1048830	1071550,461210,509420,539640,649810,673900,787990,789900,791150,820190,859090,888970,899200,907040,989720
1048950	3020,9710,42120,1025650,264440,265750,375020,383790,418000,458940,503650,503680,543440,546210,554710,559340,569530,576950,601120,603370,640600,656240,676510,685800,743660,771530,807870,840800,951440
1049090	655580
1049420	1054560,964910
1049510	860930
1049670	487350
1049720	386900
1049800	302830,450760,706990,803140
1049820	1061150,320540,422590,673190,790020,996430
1050240	468320
1050810	1052900,328670,361370
1050900	372970,460560,896220
1051200	8210,8220,8230,15080,15740,26300,35725,37420,41400,41660,1016890,1017240,1017270,1017590,1017630,1017750,1017770,1017990,1018090,1019700,1019790,1020310,1020480,1021770,1022160,1022180,1022270,1022380,1023150,1023560,1023860,1024450,1024520,1024670,1025240,1025430,1025740,1025980,1026020,1026940,1027530,1028410,1028550,1029560,1029600,1029930,1032570,1033000,1034890,1034920,1035500,1035570,1035850,1036400,1037130,1037690,1041120,1041300,1041630,1042310,1043610,1043690,1043730,1043740,1043750,1043790,1044350,1044480,1044820,1045060,1045130,1046670,1047730,1047850,1048620,1048890,1049230,1049730,1049740,1050910,1052080,1052230,1052580,1052590,1052920,1053020,1053560,1054090,1054790,1054900,1055160,1055280,1055770,1055830,1055870,1056590,1057150,1057390,1058280,1060030,1060370,1060380,1060400,1060440,1060900,1061180,1061620,1062470,1063510,1063560,1063700,1064160,1064450,1065860,1066420,1066620,1066840,1067430,1067780,1068600,1068650,1068910,1069000,1069180,1070370,1070400,1070460,1071060,1071740,1071790,1072070,1072440,1072850,1073030,1073060,1073690,1073920,1075200,1075370,1075400,1075790,1076320,1076620,1077140,1077200,1078490,1081490,1083410,1084050,1084990,1091090,1092950,1093240,1094340,1094720,1094870,1095550,1095680,1095820,1096960,1097180,1097540,1097940,1098150,1098530,1098790,1098960,1099500,1099910,1100290,1100560,1101630,1101770,1102780,1102890,1103290,1103560,1103630,1103930,1104230,1104850,1104910,1105390,1107130,252150,263340,268520,268710,270330,281080,290440,294190,295650,311490,312240,313590,323430,327760,328650,332700,333130,334350,340380,340990,341050,345280,345340,349890,349980,352850,353700,355460,358000,359090,360600,360970,364050,364130,364370,364700,365090,366600,367060,367660,368800,368970,371040,372150,374420,375090,375390,376160,377310,378700,380580,381170,381310,381550,385220,385630,385850,386460,388680,388840,389010,390210,391910,391960,392680,392720,393220,393950,395200,395300,396610,397600,398930,400280,400710,400790,401780,401820,402910,404380,404860,405480,406690,408170,409170,409390,409420,410470,411720,411980,412360,412790,413350,415900,415980,416550,416610,418520,420850,422100,422500,422760,423610,425990,427890,428170,428240,429040,429250,430170,431630,432790,433570,433590,436060,436220,436490,436530,436820,436940,437530,438780,439530,440980,441040,441240,441260,441300,441301,441710,441990,442260,442720,442790,443070,443550,443790,444040,444210,444260,444390,444540,444750,445080,445840,446050,446080,447340,447540,447930,449220,449360,449370,449570,450060,450110,450130,450630,450830,451030,451540,451560,451800,452470,453260,453280,453640,453860,454000,454040,454280,456180,456920,457340,457770,458110,458290,458940,459170,459770,459780,460510,460730,460940,461280,461500,462380,462520,462530,462670,464540,464940,465190,465430,466280,466520,466900,467340,467790,468080,468110,469610,470490,470890,471270,474810,475520,475530,476430,477130,477190,478950,479000,483970,484350,484830,485500,485590,486140,486300,486350,487740,488070,488890,489740,491370,491390,492100,492400,492600,492830,494240,494250,494530,495540,495750,496000,496190,496230,497300,498990,499400,499540,500340,500440,501060,502090,502820,503410,503580,503630,503690,503730,504130,504420,504610,504630,504850,505660,506470,508730,508890,508940,508950,509250,509340,509380,509540,509830,510290,510390,510910,511370,511420,511690,512270,512300,513420,513490,513640,513660,515060,515200,516120,516500,516550,517460,517480,517660,517960,518580,519030,520120,520750,521860,521940,522000,522200,522250,523180,523720,524690,525070,525190,525500,525600,525660,526390,526470,527110,527490,527520,527720,528550,528960,529260,529820,529920,529940,530470,530650,530920,532660,533280,533630,533660,533890,534720,534870,534880,535010,535380,535650,535750,536800,537140,538050,538110,538330,538490,538510,538710,540010,540590,541160,541420,542850,542870,542880,542960,543050,543410,543440,543530,543540,543770,543920,544140,544380,544800,545360,545750,545980,546160,546650,546960,547200,547210,547740,548220,548470,549660,551050,551080,551100,551720,552220,552660,552940,553000,553350,553440,554700,555260,556200,557730,558050,558850,559280,559330,560640,561690,563130,563190,563470,563600,564100,565190,566170,566530,566810,567590,567670,568030,568040,568060,568130,568330,568470,568480,568800,569390,569500,569590,570340,570470,570540,570600,571870,572980,573330,573610,574220,574410,574520,574890,575030,575110,575630,575660,575920,576100,576620,576730,576750,576910,577240,577530,578660,579030,579080,579160,579820,580540,580560,580960,580990,581100,581600,582920,582990,583060,583580,583700,584930,585500,586090,586320,587220,587390,587420,587830,588070,588140,588540,588800,589080,589150,589380,589680,589940,590440,590770,591080,591610,592240,592320,592560,593100,593260,593290,594200,594220,594410,595000,595010,595030,595300,596000,596990,597590,597900,598410,598590,598740,599100,599180,599630,600230,600350,601550,601940,602000,602130,602170,602880,603000,603490,604520,604830,605770,607080,607270,607330,607440,611730,612170,613010,613020,613040,613790,613980,614160,615270,615390,616690,616880,617270,618030,618590,618650,618950,619010,619100,619520,620660,622480,623640,625690,627380,628400,628840,629210,629270,629400,629550,629720,630260,630650,633430,633940,634700,635980,636330,636910,638690,639180,640090,640120,642700,643260,644330,644580,644890,645130,645280,645320,645480,646360,647570,648270,649000,649510,650490,650770,650990,651120,651370,651610,651650,651940,651970,652040,213670,218660,219070,652060,652760,652830,652890,652900,652910,653550,653870,653960,654010,654070,654620,654630,654950,655080,655150,655280,655360,655700,655710,655950,656030,656190,656610,656620,657020,657650,657930,659150,659510,659570,659830,660400,660940,660970,661180,661360,661570,661590,661730,662380,662560,662590,663220,664580,664840,664870,665790,666060,666630,667060,667580,667800,668800,669340,669620,669650,669760,670060,670080,670330,670950,671850,671880,672050,672280,672410,672780,672910,673060,673450,673530,673770,674010,674320,675140,675220,675330,675960,676470,676880,677040,677330,677700,677710,678230,678240,678460,678770,678830,678880,680030,680400,680680,681540,682740,682770,682920,683210,683310,683340,683430,684460,684490,684820,685870,685990,686030,686110,687270,687320,687420,687900,688130,688720,689130,689350,690310,690400,691810,692290,692930,693180,693560,693710,694090,694140,695320,696280,696310,696580,696860,697910,697930,698520,698610,698790,699470,699790,700270,700450,700620,701370,701410,701630,701810,701900,701940,702200,703250,703690,703820,704310,704750,705710,705800,705930,706520,708430,708480,709700,710400,710520,710630,712240,712660,712760,713320,713350,713360,713420,714530,715290,715430,715490,715570,715840,716000,716240,716750,716890,716900,717200,717230,719240,720020,720290,720490,720640,722040,722070,722400,723880,724600,724750,724760,724900,724980,725140,725380,725490,725500,726330,726490,726500,727060,727150,727320,727550,727790,728100,728660,728870,729190,729660,729820,730240,730290,730390,733420,733690,734010,735030,735540,736180,736430,737330,737470,737510,737530,737670,737980,738130,738260,738470,738560,739710,739950,740400,740450,741360,741400,743500,743990,744170,744240,744390,744440,744550,744910,745060,745130,745340,745620,745840,746420,746660,746860,746900,747480,747820,747930,748270,748520,748780,748990,749150,749420,750210,750500,750790,752180,752550,753960,755340,755610,756040,756150,756380,756650,757670,757820,758020,758140,759840,760250,760700,760990,761220,761430,761920,761930,762150,762490,762860,763730,764470,765260,765290,765350,765380,765450,765730,766010,767100,767550,767680,767970,768060,768460,768640,768790,769980,770110,770830,771690,771700,772450,772650,773610,774891,775570,776190,776440,777310,777560,777580,777710,777870,778110,778270,778540,778580,778830,778910,779060,779240,779250,780150,780760,781230,783270,783410,785560,786110,787730,787820,788350,788510,788690,788820,789840,790120,790390,790570,790780,791050,792350,792530,793220,794240,795030,795050,795060,796140,796370,796710,796760,797110,798200,798340,798380,799260,799340,799610,800640,800650,800830,800910,800980,802510,802780,803110,803290,803780,803840,803870,804210,804530,804970,805340,805350,806330,806550,806760,806800,807810,808120,808550,809950,810460,810570,811850,812380,812940,813250,813260,813590,813860,814360,814900,815100,815440,816670,816740,816750,816930,817440,817650,817800,817820,818090,818430,818640,818650,818670,819440,819660,819730,819800,820480,820840,821430,821780,821920,822450,823590,823670,823800,826170,827360,827450,827830,827890,827950,828080,831180,831450,831670,833540,834440,835760,836420,837280,838300,838840,839020,839430,840340,840910,841420,841430,841680,842080,843570,843700,844380,844760,844990,845200,846440,846870,847590,848090,848640,848680,848720,848740,848770,848840,849280,849870,849900,849910,850250,850810,851960,852090,852570,852760,852810,852860,853290,853460,853780,854060,854160,854530,854540,854690,856350,856580,856770,857710,858320,859120,859610,860290,860360,860860,860900,861320,861840,862230,862240,862940,863720,863770,864390,864400,864410,864850,864930,865130,866200,866540,867480,868510,869090,869570,869590,869930,870150,870450,870570,870680,871230,871270,871470,871670,872810,873390,873530,874440,875510,875640,876210,876410,876500,877510,877760,878180,879450,879480,880330,880700,881150,881470,881530,882390,882860,882870,883280,883960,884160,884920,885590,886720,886860,887060,887210,888540,888760,889100,889480,890720,891150,892210,893720,894320,894890,895180,895200,895360,895380,895740,895750,896070,896940,897100,897110,898290,898490,898660,903700,904930,905260,905340,905790,905890,906120,906190,906460,906470,906480,907220,907250,907720,907890,907900,907970,908480,909200,910430,911210,911280,912360,912500,912580,912730,913100,913640,913840,914150,914480,915770,915860,916630,916640,916820,917140,917220,917650,917880,918300,918980,919160,919410,919890,920770,920830,920860,922040,922520,922810,923030,923130,923430,924750,924870,925170,926180,926350,926450,926720,927050,927270,927760,928350,928620,928630,930030,930290,930300,930430,930640,930850,931590,931620,931860,932150,932830,933210,933900,934470,935380,935550,936060,936600,937120,937180,937860,937910,939270,939280,940190,940320,941200,941620,942520,943010,943040,943080,944100,944740,944960,945880,945920,946300,946330,946490,947120,947540,948070,949090,949390,949420,950310,951050,951420,951690,952710,953560,953750,954710,955550,955860,956140,956990,957270,957950,958290,958900,958960,959030,959090,959260,959700,961240,961560,962240,962270,963190,964060,965110,965200,965540,966050,966420,966580,967120,968430,969180,969230,970130,970180,970980,971130,971430,972040,972290,972600,972990,974830,974870,975100,975430,975750,977540,977580,977980,978110,979390,980800,981320,982420,982980,983760,984300,984880,985540,986340,986770,987290,987660,987770,988330,988500,988640,988980,989300,989710,989870,991140,991290,992420,992880,992930,993370,993400,993460,993470,994340,995140,995230,995270,995480,996170,996280,997340,997430,998480,999560,1000300,1000980,1000990,1001380,1001740,1002000,1002410,1002420,1003120,1003460,1003650,1003830,1003860,1003960,1004230,1006470,1006770,1007490,1007630,1007890,1008370,1008690,1009210,1009230,1009240,1009300,1010100,1010330,1010480,1010520,1010780,1011270,1011310,1011370,1011980,1012120,1012940,1013400,1013940,1014030
1051260	1051300
1051280	1051320
1051290	667010,713090
1051300	50000,1051260
1051310	1072920,646050,865860
1051320	1051280,698300,851730
1051330	1051280,821400
1051530	203560
1051810	544370,610660,705070,771440,786640
1051830	1043350,1063230,1098670
1051840	523030
1051960	345990
1052070	466270,932170
1052540	337490,618170,745250
1052760	1095370,617630,207570,664050,824570,860930,872560,993580,1008740
1052900	12690,328670,361370,363530,437210,564280,585080,642170
1053060	444620,551550,208090,719720,769080,796430,1008580
1053160	37220,1029860,279420,286520,301260,301990,338960,338980,340720,342580,360650,361930,361950,379600,390940,394270,403090,403100,409130,410770,411550,416320,417410,435040,437060,449170,494230,540060,540780,544710,545330,550400,561000,573340,573720,588620,593410,605990,619810,663210,679770,686520,802490,817630,878520,900050,938310,940790,1005050,1005130
1053250	1044220,1047960,1086450,1098340,508900,521280,533300,562220,575640,588970,610360,611980,617670,645090,655100,671090,781810,799070,904570,992050
1053620	252830
1053660	1037560,1046230,1061300,1074490,1081710,1085270,1099840,462960,484390,789120
1053680	1032280,1058110,1096000,338530,391640,416800,473670,522700,525530,540550,576410,611140,617230,622040,650580,666110,757580,776670,785480,799120,800640,800680,809220,810360,813480,813580,835510,849600,857700,864590,868960,878170,886420,888250,896180,898690,905020,929000,934580,951470,977340,994790,1002270,1008900,1015350
1053730	1017610,1053190,1070590,315130,340290,363670,381870,413580,436390,506090,555720,583890,651360,653190,720660,780350,805070
1053830	574150,578620
1054030	751540
1054040	378540
1054110	9980,29130,1060560,282760,326520,340270,346550,463030,471570,566190,571630,606860,628950,205870,210970,219680,243220,652200,748010,851670,870400,874270,898780,933860,937300,944340
1054340	619150,796840,871930,943190
1054550	646570,930780
1054610	1051320,667300
1054650	466870,796360,816250,826010,918070
1054820	973760
1054930	1034160,1058980,824620,1009580
1055090	1029780,1053750,1082770,1094000,252250,254200,276870,284100,294100,340150,366090,384310,386590,402160,450700,485820,563360,574760,600670,637050,233860,246090,661500,672860,677180,677920,680860,683770,688060,704510,704640,709240,732160,743130,757440,763320,780310,788490,835910,843040,858630,864150,886900,889720,890130,906790,910880,975370,979110,1013540
1055620	1039370,1066240,1074630,1078780,1101130,1106350,522490,859370,891180,891190,999640
1055890	1072590,1077160,1001810
1055990	1043440,1043470,1063580,1073490,1101420,307010,456660,616330,770100,776610,813240,837400,898920,920680,945570,1003370
1056170	298280,806180,954240
1056280	860600
1056500	586110
1056650	1084770,1092750,1008140
1056850	1068730,582860,635670,887790
1056960	6920,7010,1024730,1098570,258180,261490,296180,311120,311800,390030,407810,464060,555450,562860,595630,612880,91700,98400,233270,241760,670120,687340,717820,733230,789210,823530,855480,884260,931450,955050,958050,965510
1057180	372250,390510,434870,540180,239030,761620,809640
1057220	598150
1057430	1074770,325150,339910,353360,358960,491720,662690,749040,873200,926180,960190
1057570	1057580,1057590,1057610,995680
1057580	1057570,1057590,1057610,995680
1057590	1057570,1057580,1057610,995680
1057600	1021110,1080020,948880
1057610	1057570,1057580,1057590,995680
1057630	1057570,1057580,1057590,1057610,995680
1057710	319400,707870,877180
1057720	331580,530830,700170,920190
1057850	253290,361630,691220
1058020	40,60,360,2370,2590,3800,6000,6020,6030,6060,6090,7020,7770,9030,9040,9970,10460,11240,11280,13200,13250,20550,32350,32380,32390,32400,32420,32470,39670,41050,1085660,258010,262080,273580,273590,283410,292730,293720,351810,352790,354430,355250,356500,358190,360940,361670,361690,364800,367270,367340,371180,381940,441550,448850,449090,450220,455910,456540,488430,493820,498580,504490,559620,560170,97100,209540,211780,242980,246700,688480,700240,753900,759950,781150,786980,787550,798190,808910,809530,811270
1058140	1023690,317300,402620,432110,458380,467720,485040,560000,233800,716340,825300
1058370	643870
1058430	711140
1058470	672420,738030
1058550	464040
1058690	339350,492370,568610,712890
1058840	474980
1058930	1052900,1058500,1058980,301260,338980,340720,410770,417410,540060,544600,550400,646150,802490
1058980	1058930
1059150	410110,501910,640600,685800,695660,756740,820540
1059190	34313,1078780,1101130,287900,442120,444930,458500,458510,546550,564010,577320,595960,70660,238260,891180,1008680
1059260	1067650,1084170,867180
1059300	1103040,330660,631770,675870
1059810	623040
1059880	975770
1059900	346110
1060180	1027800,1043030,1070580,1098200,392000,438650,618630,91100,730780,732430,734350,856650,891890,965000,993290,1010150
1060300	1063440
1060690	1056650,1084770,1092750,861210,879740,897420,937620
1061090	15700,15710,19030,34311,40800,45730,49810,1017580,1017650,1020090,1021120,1022480,1023090,1025620,1028490,1034820,1035850,1036600,1038850,1040590,1041450,1047430,1048260,1049310,1049530,1049670,1050370,1051530,1052100,1053730,1054030,1054710,1058030,1058320,1059880,1064580,1064990,1065020,1066000,1066210,1069270,1069540,1071190,1071280,1073100,1073620,1074640,1074770,1075550,1076050,1077490,1077550,1079230,1090020,1094340,1096210,1100070,1103430,250050,250500,250760,252010,252150,253350,259830,260790,262630,262770,264220,264460,264540,265670,265790,268240,269270,269810,274250,274270,275490,278640,280500,281820,283880,287840,291070,292500,296510,296730,296910,297130,297660,298400,298790,303550,305010,307030,307270,307590,311010,312520,313040,314210,314250,314360,315480,315540,315610,315920,315940,316660,316810,321330,321950,327060,327260,327760,328500,328940,329460,331190,333290,337110,339460,340290,340360,341090,341760,342020,343250,345120,345690,346450,347080,348000,349950,351150,352850,353580,354030,354930,354970,355150,355310,356070,356570,356880,358170,358220,358240,358330,358440,358650,359310,359440,361110,362940,363220,363790,363920,364230,364690,364770,364900,365120,365330,365340,366460,366590,368800,368830,370130,370270,371390,371550,371620,371890,372830,373360,375520,376920,377600,378410,379640,383630,383810,384280,385840,387880,388340,388970,389190,389740,391310,391740,393240,393770,394540,394600,395100,395500,395550,395570,397240,397700,398940,399000,399070,399260,400280,401280,402980,403570,405540,405590,405860,406920,407290,407880,409070,409560,409660,411740,412010,412600,416830,418440,418610,420500,421180,422980,423900,425160,425600,428410,429200,429700,429950,431610,431740,432990,433490,434130,434160,434270,434390,434410,434750,436070,436360,436390,436530,437090,437100,437690,438000,438010,438120,438180,438820,440550,441250,443680,445870,446070,446890,448250,448500,448720,449420,451000,451200,453320,453510,453990,454130,454970,457520,457980,461560,461730,462960,463100,463830,464760,466790,467220,470030,470060,470270,473450,473710,473720,474620,475080,475220,475240,476000,476510,477910,477950,480480,482120,485030,485260,485660,486130,486630,486820,487040,487160,487270,489730,490860,491010,491060,491350,491650,492610,493000,496990,497710,498620,498830,501940,502380,504130,506150,506830,507120,508840,508990,509880,509930,510280,513780,514580,514930,523790,524940,527810,528720,528950,530290,531240,534290,538220,539980,542310,543320,544680,544820,546340,546790,549700,550810,551050,551580,555580,555610,555700,557790,560180,560510,562160,562490,564810,565180,566320,567170,568180,568460,568490,568840,568920,569360,570890,572240,575360,577380,580970,581010,582370,583470,583890,585690,585750,586160,586170,586340,586430,586450,587160,588690,589510,589590,590270,592130,592380,593740,594810,595080,595270,595550,597090,597150,598590,600080,600530,601180,602300,603110,603400,603840,605530,605800,606030,611860,612160,614140,614460,614630,614950,618360,618560,619270,620240,622320,622870,624320,625630,628560,628720,629230,629860,630460,635060,636310,642580,647280,647820,648440,649450,649820,651060,71110,71116,71168,104200,115800,204630,207000,207420,212800,233470,234290,237740,247240,247370,248730,652130,654080,655140,655370,655490,656970,658750,658780,659040,659320,661090,661620,661900,662640,664060,664640,665780,666070,666260,666570,666760,666960,667340,667510,667760,669910,670090,670340,670610,671540,673300,673360,673980,674210,674390,677280,677980,678290,678820,679410,679910,681490,682590,682910,683230,684510,685050,686200,688450,689100,690080,691250,691920,692710,694990,695470,696730,696910,697260,698650,700340,700610,701440,702270,706680,706690,707320,708870,709720,711560,712530,713310,714280,715990,717330,718010,718320,718960,719110,719340,719660,721080,722080,728020,729220,729970,730300,731600,732140,732150,732400,732770,733180,739260,739780,740230,740410,741630,743550,745370,745660,746000,746530,747120,748650,750210,752500,753440,753660,756200,758170,761290,761570,762100,765490,767100,767600,769920,773230,775320,777760,778330,779070,783400,785070,785880,787190,788480,789290,790960,791180,791620,792390,792560,792870,794850,798480,799510,799590,799640,800520,801290,802720,805660,808360,810460,810740,814630,816710,817410,818960,822530,822550,823290,825000,825970,826040,826580,828350,828600,828900,830370,833290,834930,837190,839030,840440,840980,842130,842520,842590,842620,842770,842870,843170,853040,854450,855510,858440,858710,859820,861840,862200,865060,871320,871950,872580,874040,876480,881750,882220,882620,883900,886010,891200,894420,897420,897630,897640,898400,898740,900270,904680,905220,905510,906390,906450,908010,910150,913520,914900,915380,916950,918680,921730,922170,924130,925700,926410,928840,931690,935250,935910,940680,940710,940830,942300,945240,945340,945630,946000,947450,951360,963450,964810,967940,968320,969130,970680,974370,975290,975700,979760,980700,981040,981050,984020,985780,986040,988100,989250,994570,994860,1000750,1007430,1010180,1011460
1061150	588180,825580,858860
1061220	253290,772220,861670
1061270	1057030,1081870,332760,657170,799910,876260,891110,917870
1061280	575550,997060
1061300	1046230,1053660,1074490,1085270,1099840,462960,792880
1061640	1037960,749720,765630,795480,825310
1061690	665450,887240
1061820	1027950,1057220,260990,305280,375840,430890,458200,598150,642770,657280,691190,845410,845420,868340,869680,888370,911840
1061900	645480
1062020	381780,889320
1062850	678900
1062960	1049370,1056340,1060180,324470,361430,384330,414810,442210,444550,453900,535170,556490,594390,605920,719520,719830,732430,804070,865990,942200,965000,995840
1063190	713260,766560,836490,925440,976060
1063230	1043350,1051830,1098670,556260,938640
1063240	781480
1063280	665880
1063440	1099840
1063490	347440
1063580	446540,898920,945570
1063950	1032520,588180,675630,792480
1063960	12430,262470,349020,491560,775490
1063980	457140
1064070	661940
1064080	618350,666250,757100
1064320	506700
1064540	1046030
1064580	1041450,320150,627410,717330,774121,783220,979900,1007430
1064610	434660,242820,735570,994190
1064690	415890,599580,719660,930320,977380,1012600
1064730	1019420,1023370,1028210,1036970,1042270,1060570,1073230,1077580,1087350,1097520,350810,393980,540610,720240,785840,904530,917000,920520,929800,938890,948630,963690,975910,982150,984750,990940,1004240,1004650
1064790	345710,682140
1064820	301610,388280,497310,501600,501640,548760,571040,586560,607380,679540,679590,777890,875460,892050,982520
1064840	253230
1064930	1018980,1032020,1077330,1105150,270170,676820,918120,918130,918140,982770
1065210	638510,912070
1065570	1034740,678590,877070
1065580	35480,45400,1066930,355980,381220,637050,249330,779300,816340,845690,881520,923340,947430
1065630	899020
1065850	1052220,327890,329860,350500,698720,799260,914160,920660,920670,966400
1065870	1078040
1065880	340500,652050,753240
1065970	1021060,1029110,1035430,1041140,1052850,1058150,1061430,1064920,1092270,396060,420840,451870,457660,460850,460990,462910,475050,485230,494780,495390,495730,495830,497450,500140,509310,517770,519940,523890,533700,538410,550820,552150,555130,556140,557940,558060,560960,566580,566730,570060,573360,574190,574780,575170,575420,577440,600580,602040,603010,605850,605860,606270,622270,624710,625460,630630,637870,639920,641050,646890,660820,664560,673590,686100,689710,691430,692360,698100,702930,711530,712410,716360,724910,727840,729340,735320,743240,748060,750850,751430,770010,779170,779390,780370,780850,785110,789480,789490,789500,792340,795430,797200,800160,810220,816000,820210,845170,846080,854330,862520,891320,903910,905630,915160,918440,922290,929120,947490,972480,985840,991500,992960,1005940,1013430
1066040	416770,587810,703920,761630
1066210	274270,384250,433490,462960,609420,958360
1066240	19200,1055620,364190,423760,487350,495820,522490,546550,548710
1066260	20200,57700,1017650,1018810,1028300,1029050,1029950,1031310,1032040,1036010,1037600,1037810,1039040,1047600,1049670,1050900,1052900,1056690,1057560,1058470,1058560,1058750,1059110,1066000,1066010,1069480,1069540,1071190,1074250,1077320,1081910,1086980,1090020,1097590,1097600,1097830,1100070,1103210,1104480,1104930,251690,261880,270030,274250,297410,301250,303840,330350,335840,338050,340770,343150,346450,348020,349530,356570,358220,359070,361300,361370,364880,366050,367430,374460,377550,378070,384150,386200,388390,390520,391560,393200,393280,394970,396360,398480,399130,400280,402220,406300,406890,412370,415420,415780,415890,416700,418070,422870,428950,431640,434130,438000,438030,443680,444520,448140,448610,449530,449680,449940,450440,454230,463180,466480,470210,470470,471220,485560,487160,487350,487590,488280,492130,492200,493620,494600,495770,495890,497100,499460,502700,503900,504770,505630,508140,510340,514930,515910,516410,516440,516520,521340,521630,521920,522490,523790,525150,528510,532190,533150,534680,537360,538550,538700,543010,543110,544000,544630,545200,546100,546550,548790,551580,552230,554310,555610,557030,559360,567040,567220,568920,572240,573280,573520,574030,575130,576410,576740,578610,580420,582110,584600,584990,586090,586160,586540,593340,595550,598480,598550,598590,598600,599580,599610,601870,603260,604490,605520,606720,608670,611810,613200,616240,617710,618120,620240,622320,623850,625560,629030,632240,632880,633880,635310,635930,636150,642190,644740,648440,648550,649640,649990,650980,109500,205090,654350,654840,655010,655260,656630,657770,658780,658880,663670,663920,664290,665230,666250,667930,671650,673300,673760,673780,675030,675530,676120,676570,677240,680690,682150,682810,684770,688880,689080,691210,691250,692310,693380,693820,694990,696200,698480,698770,700140,700650,703360,705120,705300,705410,705840,707610,709610,709730,709800,710310,710480,710600,711540,711720,711930,712210,713530,718120,718530,719250,721400,721960,722570,726800,729570,729650,731190,732770,740390,741630,744420,745510,747640,747790,748520,749480,750330,751230,753170,755520,755560,759850,761330,761990,763350,763570,765510,766420,768020,768880,773120,773570,774051,775270,775690,776390,776970,777820,778550,778600,781860,784940,785480,788150,788500,790210,790970,791750,792860,793200,795070,796600,797570,797610,797710,802180,802850,803270,804620,805820,806140,806470,808450,809060,809760,811290,812060,814020,814230,815420,816160,817470,820660,821570,821640,822530,822550,822920,829760,830390,830470,830890,832020,833290,833470,834030,835490,839820,839890,840020,840860,841790,843820,844520,845730,848470,849630,850550,850880,851180,851200,851980,856320,859700,860220,860790,860820,864860,865310,866040,867750,868000,868660,869780,873610,873720,876310,876480,877040,877230,877260,877300,877940,878330,879520,881110,881260,884260,886780,888640,890630,891120,891190,891590,898930,903680,904430,905360,906390,908050,908390,908690,910280,910990,912140,914170,916320,916970,920820,921790,921840,925300,925520,925700,929850,930150,930460,935940,935950,937620,940640,941320,948950,949130,949630,949990,952290,952980,953490,955570,956280,959590,960200,960240,961280,963360,963470,963570,964800,967250,969190,971680,974860,978190,978580,981540,992720,996620,1004210,1007990,1008010,1008890,1011140,1011620,1016180
1066290	335900,371370,424870,508330,555410,607020,889520
1066370	310490,420330,704850
1066670	1036490,1047580,1071260,1086160,1102260,345130,354040,355050,433950,434780,469890,498470,551450,567580,615610,667600,669830,691630,703530,739290,788930,855850,900490,969480,974600
1066740	1105040,304390,349510,629760,219640,944250,1000480
1066940	449240,203210,207420,727020,910660,984870
1067370	1068230
1067400	1084640,279260,356390,464240,630170,233370,778850
1067560	217790
1067650	1021260,1028380,1035920,1042150,1054610,1059260,1067370,1068230,1084170,1092650,370570,414060,546410,662200,680930,682230,749340,764560,790860,815950,844160,851000,864570,892880,907590,937820,941790,960820,978450,983280,983520,993630,1006880,1012860
1068060	610350,990500
1068220	34030,779340
1068230	15960,38150,1067370,1089770,370570,654440,716010,752300,757860,819040,851730
1068340	816120
1068530	1084460,312780,366810,384090,427510,431870,584070,589470,613370,692840,779110
1068570	652620
1068730	397740,465310,640260
1069270	292600,399780,412370,487380,689080,735520,775720,775730,800320,806880,812850
1069320	1099720,434260,441050,474980,495300,502940,507010,512430,515040,517060,547850,686570,761330,806100,854530,877370,906590,985040
1069740	265830,486660,247310,806670,944710,952600,963210
1070190	606230,663380,688620,801210
1070330	340310,363980,616110,631830,657630,661230,771410,774261,816380,881110,913110
1070580	1045650,1052600,1093800,1101130,1106350,262690,338550,367030,380000,491470,631830,671550,696460,698330,699750,742460,786630,790810,839930,842760,848960,856380,867640,881130,893330,911520
1070780	454560
1071130	435840,503400,774331
1071190	669960,759640
1071290	3020
1071330	1071680,1101940,1104830,545030,727610,934540,935560,955320,963110,980090,982860,994160,1006600,1006930
1071510	1034740,1065570,1072070,548350,778460,852900,985620
1072150	1031320,1043860,1043870,1055240,1073870,311120,364910,374510,402880,434190,495720,496660,516820,551320,553320,553800,562860,570690,586520,596240,598430,608610,612120,613610,636270,673000,673130,681260,682570,683730,713940,727850,763810,769390,772730,776040,798710,800200,842870,860500,864880,873120,873850,882040,893680,904230,918530,923120,950210,955050,964800,1000410
1072280	356790
1072390	677880
1072590	45400,1054650,1055890,1077160,380100,400240,796360,816250,826010,918070,1001810
1072750	740230,879740,973440
1072870	469890,472830
1073100	1036600,546550,783220,891200
1073210	33460,431120
1073640	684620
1073840	339350,411000,445040,476490,492370,568610
1073870	731590,823530
1074520	526310
1074550	1029130,1055950,752810,752830,772320,776020,918720,929020,944610,952030,987190
1074630	314290,409340,440280,524350,556780,576980,661230,793280
1074840	1051280
1075430	732360
1076230	1040420,262210,262790,337280,340030,373470,374240,378540,384490,399640,433400,496290,506870,524640,217290,778640,875530,966430,1000480
1076750	455980,622460
1076780	335790,373970,406310
1076920	4700,1022450,1029500,1036430,1058430,1072040,338130,375530,390880,459040,459470,482890,504280,646500,783210,896160,913420,943810,1015090
1077160	1055890,1072590,828170
1077300	328470
1077330	1018980,1033720,1064930,1105150,270170,680480,712890,904940,918130,918140,955060,982770
1077490	404080
1077760	206190,760510
1077860	818150
1077890	413150
1077970	680380
1078200	1037020,239350
1078760	488550
1078780	35480,1029920,1039370,1059190,1079100,1098140,1101130,1106350,1107160,216090,781660,981260,999640,1008680
1078930	266270,529520,718020,746940,810650
1079000	1065070,380580,610310,828760,893850
1079100	388550,848810
1079160	1031480,1043230,1043240,845880,882710,924650,937570,937580
1079210	940320
1079330	898500
1079440	595920
1079740	435000
1079940	975770
1080020	1021110,457650,585040,613100,948880,992610
1080130	563500,674120,746990,792670,899230
1080330	306700,341080,342240,504700,602080,637340,202410,684680,758070,760330,787200,827590,851920,896220,933160,997500
1080700	411760,842030
1080890	1061820,1063520,1064820,1102420,257650,288270,315240,336530,341960,347400,368470,388280,400040,408930,415140,428800,433930,438450,441850,446060,458200,497310,501610,520210,523410,547120,571040,579920,585410,585600,585610,585620,601890,610340,620040,625480,650090,224380,665300,679560,679590,703300,705160,736280,746390,779960,788940,864760,870420,885440,892030,899150,919280,932480,944770,966610,969020,973590,980760
1081120	488300,590690,761010,803830,971030
1081250	608190,611050,642000,200010,654770,693500,856050,867180,915190,943170,1001140
1081510	790540
1081650	7200,382560,457210,110400,1012970
1081710	1037560,1046230,1053660,1074490,1085270,484390,914160
1081760	1035860,1104670,527740,549100,853860,874010
1081840	661410
1082200	300580,347160
1082530	1082940,539370,707380,802970,860390
1082720	1053160,363980,492800,596650,625860,758190,770400,985500,990640
1082780	705610
1082890	219990
1082940	1043380,1044640,590950,205830,227580,689880,985640,989640,1012390
1083050	831510
1083300	255710
1083430	1044640,985640,989640,1012390
1083450	1042330,1102080,255340,399910,212110,801380
1083550	1020810,1021700,1025940,1026900,660280,680930,779190,800110,829410,849550,854560,860380,860390,951940
1083610	442770
1084170	1092900,414060,545690,577740,682230,810630,839540,937820,948900
1084400	339910,803570,855970,904900
1084450	375030
1084460	672240
1084770	1056650,1060690,1092750,861210,1008140
1085190	359370
1085220	470780,493540,820950
1085270	1037560,1046230,1053660,1061300,1068070,1074490,1081710,1099840,296770,484390,914160
1085660	8980,11240,11280,49520,49540,258010,261640,265770,271570,274480,318100,341860,348530,367270,381260,436560,439880,453270,462630,476480,529360,546660,557970,574940,637410,688480,690620,719180,729040,745920,759540,764590,798190,799650,833180,835860,868270,895040,913600,950050,976730,988460,1000860
1086160	1036490,1038850,1047580,1066670,1066940,1071260,1080330,345130,354040,388500,416380,422250,433950,469890,498380,498470,551450,567580,640970,203210,656640,669830,688140,699460,763770,767840,773130,788930,849680,855850,887510,922470,974600
1086270	1022550,396590,498000,910660
1086450	1047960,671090
1086850	412640,418940,493400,500880,541150,594360,601320,616660,726610,859560
1087100	1068340,660990,787120,806480,908830,945110
1087640	598880,94400,1005870
1087720	1062850
1088600	354430,355250,361670,361690,753900,809530,910700
1089770	1067370,1068230,551110,654440,676420,692950,724740,742490,759000,786990,787620,819040,858040,861270,879850,894750,973220,993580
1090190	826100
1090250	537000,642000,753370
1090560	1096240,681970,870110,946600,963770,976160,1002560
1090650	1017580,596260
1090900	261680
1091110	1068340
1091220	1061820,458200
1091250	652130
1091370	965830
1091500	2420,6910,6920,7010,39630,39640,39670,1018040,1019070,1020210,1022920,1024730,1026810,1027520,1027600,1028460,1033120,1034460,1035120,1045920,1048790,1051590,1058850,1060620,1060850,1061930,1064860,1066160,1068880,1078390,1091040,1096120,1096430,1098570,1106060,258180,262190,263360,264240,269650,289180,292030,317970,327740,328470,329770,337000,338390,361550,364910,385370,391030,405010,407810,410710,414510,416060,437630,441600,450740,451290,457760,480490,481180,482400,514900,526370,527560,546230,547930,555450,557330,561360,562570,569870,578650,615550,634150,91700,98400,209630,228300,232750,233270,238010,238210,243000,245730,666080,669950,674550,678590,698490,701540,703610,713980,724490,733230,740200,743380,745090,746850,760960,794540,800820,804830,805610,815620,825410,828740,834060,842430,846250,850820,872040,887670,891240,892650,893460,898240,904970,905940,908230,914640,914690,932170,936820,936870,938300,943520,951860,953610,955880,959710,965510,966870,972200,978010,981300,985660,986130,988590,994160,1001220,1005090,1007280,1008710,1015660
1091640	890070
1091650	1020020,1038240,1061830,1096540,1096550,432030,479010,509020,513760,523050,616720,708120,738830,823900,979560,1006850,1011650
1091960	312970
1092190	314070,388270,402430,465650,507080,619290,658400,743230,801300
1092650	1017350,1021260,1028380,1031540,1035920,1048080,1051320,1054610,1059260,1067650,1081760,1104670,776540,853860,874010,1001880,1006880,1012860
1092750	1056650,1060690,1084770,861210,897420,1008140
1093310	1026450,234820
1093330	268710,487630
1093800	34313,595960,70660,238260
1093920	820700
1094110	446560,624460,965840
1094250	393820,435000,592200,594130,836640,898670,983350
1094420	1049400,207080
1094660	1023750,1043350,1051830,1054290,1063230,1098670,556260,563500,565860,582290,582610,619340,647500,650820,658340,674120,676240,699700,746990,759610,792670,884990,904860,915600,938640,957890,981020
1094880	320970,532950,771840,881050
1094930	13000,1073370,345700,432490,434600,553480,570970,599960,618430,621170,730010,751450,827640,845380,855630,856370,888480,907680,942850,955250,975000,978980,982450,1010970
1095320	842990,857420
1095370	1031570,1035860,1052760,414060,687610,872560,993580,1008740,1013670
1095380	500580,236290
1096010	1060590,949680
1096210	1079230,740570
1096550	1020020,1038240,1061830,1096540,432030,513760,708120,979560,1006850
1097210	413150
1097530	546430
1097620	737260
1097770	911200
1098090	1039380,900790,968470
1098140	1039370,1078780,519200,981260,1012830
1098200	1060180,786630,862260,897400
1098340	1060840,508900,533300,562220,566160,575640,591420,596370,610360,617670,642520,645090,654900,658550,658560,673800,757330,799070,839540,864300,905010,966630
1098670	1043350,1051830,1063230,1094660,658340,676240,759610,812090,904860,938640,944630,948120,999040
1098680	1050010,1090560,361040,370780,385900,392920,623810,669380,670970,683760,764430,843170,851840,852790
1098770	570580
1100200	370600
1100350	348280,791140
1101140	366290,380600,468920,501080,766570,834280
1101310	805380
1101420	949830
1101760	262690,446100,209520,748800,879740,978490
1101930	601650
1102260	1026910,253290
1102420	1063520,408930,579920,665040,788940,837510
1102500	732430,816610
1103100	751110
1103650	580170
1103820	48700,48720,261550,899200
1103860	586950
1104200	508440
1104670	1081760,853860,874010
1106350	1036600,1101130
1106660	435150
1106910	1064050,287260,207020,895370
1111020	1061820,1063520,1064820,1102420,257650,288270,315240,336530,341960,347400,368470,388280,400040,408930,415140,428340,428800,433930,441850,446060,458200,497310,501610,520210,523410,547120,571040,579920,585410,585600,585610,585620,597840,601890,610340,620040,625480,650090,224380,665300,679560,679590,705160,736280,746390,779960,788940,864760,870420,885440,892030,899150,919280,932480,944770,962640,966610,969020,973590,980760
